Source,Dataset,ID,Cycle,Chemistry,Profile,FSI,KI,DoD_%,T_avg_C,T_stress_norm,C_peak_norm,DCSS,RBF,CVI,SoH_%,Q_Ah,Health_Label
External,NASA_B0005,B0005,1,LiCoO2,CC,0.5418,0.3263,92.82,32.57,0.04,1.009,0.5935,1.8187,0.236,100.0,1.8565,Healthy
External,NASA_B0005,B0005,2,LiCoO2,CC,0.5407,0.3273,92.32,32.73,0.04,1.0084,0.5952,1.8176,0.2348,99.45,1.8463,Healthy
External,NASA_B0005,B0005,3,LiCoO2,CC,0.5396,0.3283,91.77,32.64,0.04,1.0083,0.5965,1.8165,0.2275,98.86,1.8353,Healthy
External,NASA_B0005,B0005,4,LiCoO2,CC,0.5369,0.3195,91.76,32.51,0.04,1.008,0.5835,1.8256,0.2327,98.86,1.8353,Healthy
External,NASA_B0005,B0005,5,LiCoO2,CC,0.5369,0.3194,91.73,32.38,0.04,1.0087,0.5835,1.8261,0.2367,98.82,1.8346,Healthy
External,NASA_B0005,B0005,6,LiCoO2,CC,0.5396,0.3283,91.78,32.43,0.04,1.0081,0.5967,1.8169,0.2393,98.88,1.8357,Healthy
External,NASA_B0005,B0005,7,LiCoO2,CC,0.5394,0.3282,91.76,32.48,0.04,1.0079,0.5965,1.8168,0.2425,98.85,1.8351,Healthy
External,NASA_B0005,B0005,8,LiCoO2,CC,0.5305,0.3021,91.29,32.41,0.04,1.0083,0.5574,1.8444,0.2273,98.34,1.8258,Healthy
External,NASA_B0005,B0005,9,LiCoO2,CC,0.5277,0.2924,91.24,32.35,0.04,1.0092,0.5425,1.8541,0.2325,98.29,1.8248,Healthy
External,NASA_B0005,B0005,10,LiCoO2,CC,0.5274,0.2924,91.23,32.28,0.04,1.008,0.5423,1.8537,0.2367,98.28,1.8246,Healthy
External,NASA_B0005,B0005,11,LiCoO2,CC,0.5245,0.2826,91.23,32.16,0.04,1.008,0.5267,1.8634,0.2431,98.28,1.8246,Healthy
External,NASA_B0005,B0005,12,LiCoO2,CC,0.5204,0.2731,90.71,32.36,0.04,1.0084,0.5117,1.873,0.2289,97.72,1.8142,Healthy
External,NASA_B0005,B0005,13,LiCoO2,CC,0.5171,0.2624,90.69,32.32,0.04,1.0082,0.4943,1.8827,0.2346,97.7,1.8138,Healthy
External,NASA_B0005,B0005,14,LiCoO2,CC,0.517,0.2624,90.67,32.16,0.04,1.0079,0.4943,1.8826,0.2379,97.68,1.8134,Healthy
External,NASA_B0005,B0005,15,LiCoO2,CC,0.5162,0.2632,90.13,32.04,0.04,1.0097,0.4954,1.8818,0.2239,97.1,1.8026,Healthy
External,NASA_B0005,B0005,16,LiCoO2,CC,0.5125,0.2519,90.11,31.93,0.04,1.0082,0.477,1.8923,0.228,97.07,1.8021,Healthy
External,NASA_B0005,B0005,17,LiCoO2,CC,0.509,0.2402,90.13,31.94,0.04,1.0082,0.4571,1.9028,0.233,97.1,1.8026,Healthy
External,NASA_B0005,B0005,18,LiCoO2,CC,0.5055,0.2278,90.15,31.97,0.04,1.0091,0.4359,1.9133,0.2387,97.12,1.8031,Healthy
External,NASA_B0005,B0005,19,LiCoO2,CC,0.5054,0.2279,90.14,31.97,0.04,1.0085,0.4362,1.9132,0.2415,97.11,1.8028,Healthy
External,NASA_B0005,B0005,20,LiCoO2,CC,0.5298,0.2909,92.35,32.37,0.04,1.0084,0.5401,1.8555,0.2342,99.49,1.847,Healthy
External,NASA_B0005,B0005,21,LiCoO2,CC,0.5238,0.2708,92.37,32.7,0.04,1.0081,0.5079,1.8747,0.2442,99.51,1.8474,Healthy
External,NASA_B0005,B0005,22,LiCoO2,CC,0.5227,0.2715,91.81,32.32,0.04,1.0084,0.509,1.8739,0.2331,98.91,1.8362,Healthy
External,NASA_B0005,B0005,23,LiCoO2,CC,0.5183,0.2616,91.29,31.99,0.04,1.008,0.493,1.8833,0.2248,98.35,1.8258,Healthy
External,NASA_B0005,B0005,24,LiCoO2,CC,0.5215,0.2723,91.26,31.89,0.04,1.0086,0.5105,1.8733,0.2307,98.31,1.8251,Healthy
External,NASA_B0005,B0005,25,LiCoO2,CC,0.5078,0.2265,91.28,31.78,0.04,1.0081,0.4337,1.914,0.2385,98.34,1.8256,Healthy
External,NASA_B0005,B0005,26,LiCoO2,CC,0.5103,0.2395,90.7,31.69,0.04,1.0084,0.4561,1.9031,0.2237,97.71,1.814,Healthy
External,NASA_B0005,B0005,27,LiCoO2,CC,0.5075,0.2272,90.74,31.6,0.04,1.0123,0.4349,1.9135,0.234,97.75,1.8148,Healthy
External,NASA_B0005,B0005,28,LiCoO2,CC,0.5067,0.2273,90.7,31.57,0.04,1.0086,0.4349,1.9136,0.2395,97.71,1.814,Healthy
External,NASA_B0005,B0005,29,LiCoO2,CC,0.5091,0.2402,90.14,31.59,0.04,1.0086,0.4574,1.9026,0.2247,97.11,1.8028,Healthy
External,NASA_B0005,B0005,30,LiCoO2,CC,0.5055,0.228,90.2,31.6,0.04,1.008,0.4362,1.9131,0.2337,97.18,1.8041,Healthy
External,NASA_B0005,B0005,31,LiCoO2,CC,0.5088,0.2189,92.59,31.92,0.04,1.0084,0.4205,1.9206,0.2245,99.75,1.8518,Healthy
External,NASA_B0005,B0005,32,LiCoO2,CC,0.5027,0.2069,91.54,32.08,0.04,1.0092,0.3993,1.9299,0.2233,98.61,1.8307,Healthy
External,NASA_B0005,B0005,33,LiCoO2,CC,0.5014,0.2074,91.0,31.85,0.04,1.0083,0.4003,1.9293,0.221,98.03,1.8199,Healthy
External,NASA_B0005,B0005,34,LiCoO2,CC,0.5026,0.2149,90.47,31.47,0.04,1.0097,0.4135,1.9234,0.219,97.46,1.8093,Healthy
External,NASA_B0005,B0005,35,LiCoO2,CC,0.4996,0.2083,90.23,31.41,0.04,1.0079,0.4019,1.9285,0.2236,97.21,1.8046,Healthy
External,NASA_B0005,B0005,36,LiCoO2,CC,0.5016,0.2155,89.97,31.9,0.04,1.01,0.4145,1.9232,0.2207,96.92,1.7994,Healthy
External,NASA_B0005,B0005,37,LiCoO2,CC,0.502,0.2228,89.42,31.65,0.04,1.0083,0.4273,1.9171,0.2174,96.33,1.7884,Healthy
External,NASA_B0005,B0005,38,LiCoO2,CC,0.4995,0.2165,89.15,31.49,0.04,1.0086,0.4161,1.9221,0.2202,96.04,1.7829,Healthy
External,NASA_B0005,B0005,39,LiCoO2,CC,0.5006,0.2237,88.65,31.33,0.04,1.009,0.4289,1.9163,0.2171,95.5,1.773,Healthy
External,NASA_B0005,B0005,40,LiCoO2,CC,0.4985,0.217,88.65,31.57,0.04,1.0089,0.4173,1.9221,0.2242,95.5,1.773,Healthy
External,NASA_B0005,B0005,41,LiCoO2,CC,0.4999,0.2241,88.39,32.11,0.04,1.0084,0.4295,1.9163,0.2207,95.23,1.7679,Healthy
External,NASA_B0005,B0005,42,LiCoO2,CC,0.4993,0.2244,88.12,32.27,0.04,1.0086,0.4302,1.9159,0.2209,94.93,1.7623,Healthy
External,NASA_B0005,B0005,43,LiCoO2,CC,0.5015,0.2299,88.38,31.84,0.04,1.008,0.4394,1.9114,0.2249,95.21,1.7676,Healthy
External,NASA_B0005,B0005,44,LiCoO2,CC,0.4998,0.2244,88.13,31.76,0.04,1.0109,0.43,1.9158,0.2226,94.95,1.7627,Healthy
External,NASA_B0005,B0005,45,LiCoO2,CC,0.4982,0.2251,87.59,31.42,0.04,1.0085,0.431,1.9151,0.2213,94.36,1.7517,Healthy
External,NASA_B0005,B0005,46,LiCoO2,CC,0.4971,0.2257,87.09,31.33,0.04,1.0081,0.4323,1.9149,0.219,93.83,1.7418,Healthy
External,NASA_B0005,B0005,47,LiCoO2,CC,0.4965,0.226,86.8,31.36,0.04,1.0085,0.4328,1.9144,0.2211,93.51,1.7361,Healthy
External,NASA_B0005,B0005,48,LiCoO2,CC,0.4942,0.1945,89.68,34.31,0.04,1.0084,0.3773,1.9389,0.2269,96.61,1.7936,Healthy
External,NASA_B0005,B0005,49,LiCoO2,CC,0.4974,0.2096,89.16,33.44,0.04,1.0083,0.4041,1.9275,0.222,96.05,1.7832,Healthy
External,NASA_B0005,B0005,50,LiCoO2,CC,0.4963,0.2105,88.37,32.67,0.04,1.0112,0.4056,1.9267,0.2212,95.2,1.7674,Healthy
External,NASA_B0005,B0005,51,LiCoO2,CC,0.4946,0.2111,87.85,32.28,0.04,1.0084,0.4068,1.9262,0.2244,94.64,1.757,Healthy
External,NASA_B0005,B0005,52,LiCoO2,CC,0.4957,0.2187,87.34,32.01,0.04,1.0086,0.4202,1.9203,0.222,94.1,1.7469,Healthy
External,NASA_B0005,B0005,53,LiCoO2,CC,0.495,0.219,87.09,32.06,0.04,1.008,0.4206,1.9201,0.2262,93.82,1.7417,Healthy
External,NASA_B0005,B0005,54,LiCoO2,CC,0.4969,0.2261,86.82,32.44,0.04,1.0103,0.4329,1.9144,0.2264,93.53,1.7364,Healthy
External,NASA_B0005,B0005,55,LiCoO2,CC,0.4975,0.2333,86.32,32.17,0.04,1.0088,0.4454,1.9084,0.2256,92.99,1.7263,Healthy
External,NASA_B0005,B0005,56,LiCoO2,CC,0.4983,0.2405,85.79,32.06,0.04,1.0082,0.4575,1.9022,0.2226,92.42,1.7158,Healthy
External,NASA_B0005,B0005,57,LiCoO2,CC,0.4978,0.2409,85.53,31.98,0.04,1.0085,0.4582,1.9021,0.2244,92.14,1.7105,Healthy
External,NASA_B0005,B0005,58,LiCoO2,CC,0.4992,0.2475,85.3,32.22,0.04,1.0084,0.4695,1.8965,0.2252,91.89,1.706,Healthy
External,NASA_B0005,B0005,59,LiCoO2,CC,0.4989,0.2479,85.02,32.56,0.04,1.01,0.47,1.896,0.225,91.59,1.7003,Healthy
External,NASA_B0005,B0005,60,LiCoO2,CC,0.4998,0.2543,84.73,32.4,0.04,1.0082,0.4809,1.89,0.2276,91.28,1.6946,Healthy
External,NASA_B0005,B0005,61,LiCoO2,CC,0.4998,0.2552,84.25,32.29,0.04,1.0132,0.4823,1.8894,0.2254,90.76,1.6849,Healthy
External,NASA_B0005,B0005,62,LiCoO2,CC,0.5014,0.2678,83.72,32.14,0.04,1.0087,0.503,1.8777,0.222,90.2,1.6745,Healthy
External,NASA_B0005,B0005,63,LiCoO2,CC,0.5002,0.2619,83.73,32.38,0.04,1.0113,0.4936,1.8832,0.2275,90.2,1.6746,Healthy
External,NASA_B0005,B0005,64,LiCoO2,CC,0.5002,0.2687,83.19,32.31,0.04,1.0079,0.5045,1.8764,0.2245,89.62,1.6637,Degraded
External,NASA_B0005,B0005,65,LiCoO2,CC,0.5015,0.2749,82.95,32.57,0.04,1.0084,0.5144,1.871,0.2237,89.36,1.659,Degraded
External,NASA_B0005,B0005,66,LiCoO2,CC,0.5012,0.2753,82.69,32.47,0.04,1.0095,0.515,1.8706,0.2284,89.09,1.6539,Degraded
External,NASA_B0005,B0005,67,LiCoO2,CC,0.5017,0.2819,82.13,32.35,0.04,1.009,0.5255,1.864,0.224,88.48,1.6427,Degraded
External,NASA_B0005,B0005,68,LiCoO2,CC,0.501,0.2824,81.89,32.37,0.04,1.0079,0.5263,1.8637,0.2271,88.22,1.6379,Degraded
External,NASA_B0005,B0005,69,LiCoO2,CC,0.5025,0.2884,81.64,32.46,0.04,1.0096,0.536,1.8579,0.2267,87.95,1.6327,Degraded
External,NASA_B0005,B0005,70,LiCoO2,CC,0.5019,0.2889,81.39,32.5,0.04,1.0089,0.5366,1.8573,0.2293,87.68,1.6278,Degraded
External,NASA_B0005,B0005,71,LiCoO2,CC,0.5012,0.2894,81.11,32.5,0.04,1.0081,0.5375,1.8569,0.2307,87.38,1.6221,Degraded
External,NASA_B0005,B0005,72,LiCoO2,CC,0.5036,0.3012,80.57,32.47,0.04,1.0092,0.5559,1.8449,0.2248,86.79,1.6113,Degraded
External,NASA_B0005,B0005,73,LiCoO2,CC,0.5033,0.3018,80.33,32.5,0.04,1.01,0.5567,1.8445,0.2278,86.54,1.6066,Degraded
External,NASA_B0005,B0005,74,LiCoO2,CC,0.5025,0.3022,80.08,32.51,0.04,1.008,0.5574,1.8439,0.2305,86.27,1.6015,Degraded
External,NASA_B0005,B0005,75,LiCoO2,CC,0.5031,0.3086,79.52,32.46,0.04,1.0086,0.5671,1.8372,0.2255,85.67,1.5904,Degraded
External,NASA_B0005,B0005,76,LiCoO2,CC,0.5043,0.3143,79.29,32.45,0.04,1.0088,0.5758,1.8316,0.2284,85.42,1.5858,Degraded
External,NASA_B0005,B0005,77,LiCoO2,CC,0.5041,0.3144,79.25,32.33,0.04,1.0082,0.5759,1.8312,0.2312,85.37,1.5849,Degraded
External,NASA_B0005,B0005,78,LiCoO2,CC,0.5019,0.3027,79.78,32.84,0.04,1.0082,0.5582,1.8433,0.2292,85.94,1.5955,Degraded
External,NASA_B0005,B0005,79,LiCoO2,CC,0.5031,0.3154,78.74,32.32,0.04,1.008,0.5773,1.8298,0.2272,84.82,1.5747,Degraded
External,NASA_B0005,B0005,80,LiCoO2,CC,0.5039,0.3217,78.25,32.06,0.04,1.0088,0.5869,1.8237,0.2273,84.29,1.5649,Degraded
External,NASA_B0005,B0005,81,LiCoO2,CC,0.505,0.3274,77.99,32.22,0.04,1.0092,0.5952,1.8177,0.2285,84.02,1.5598,Degraded
External,NASA_B0005,B0005,82,LiCoO2,CC,0.5048,0.3274,77.97,32.71,0.04,1.0084,0.5952,1.818,0.2314,84.0,1.5595,Degraded
External,NASA_B0005,B0005,83,LiCoO2,CC,0.5046,0.3278,77.73,32.95,0.04,1.0098,0.5961,1.8173,0.2306,83.74,1.5547,Degraded
External,NASA_B0005,B0005,84,LiCoO2,CC,0.5062,0.3336,77.44,32.86,0.04,1.0125,0.6042,1.8111,0.233,83.43,1.5489,Degraded
External,NASA_B0005,B0005,85,LiCoO2,CC,0.5044,0.3347,76.91,32.63,0.04,1.0086,0.606,1.8095,0.2307,82.86,1.5382,Degraded
External,NASA_B0005,B0005,86,LiCoO2,CC,0.5053,0.341,76.4,32.38,0.04,1.0102,0.6147,1.8027,0.2289,82.3,1.5279,Degraded
External,NASA_B0005,B0005,87,LiCoO2,CC,0.505,0.3409,76.43,32.68,0.04,1.0084,0.6148,1.8032,0.2324,82.33,1.5285,Degraded
External,NASA_B0005,B0005,88,LiCoO2,CC,0.506,0.3464,76.13,32.99,0.04,1.0085,0.6225,1.7966,0.228,82.02,1.5226,Degraded
External,NASA_B0005,B0005,89,LiCoO2,CC,0.5055,0.347,75.87,33.05,0.04,1.0089,0.6233,1.796,0.2281,81.74,1.5175,Degraded
External,NASA_B0005,B0005,90,LiCoO2,CC,0.5092,0.3225,80.29,32.86,0.04,1.0085,0.5881,1.8229,0.2346,86.5,1.6058,Degraded
External,NASA_B0005,B0005,91,LiCoO2,CC,0.5022,0.3164,78.19,33.34,0.04,1.0089,0.579,1.8295,0.2343,84.24,1.5638,Degraded
External,NASA_B0005,B0005,92,LiCoO2,CC,0.5037,0.3285,77.4,33.35,0.04,1.008,0.5967,1.8164,0.2334,83.39,1.5481,Degraded
External,NASA_B0005,B0005,93,LiCoO2,CC,0.5054,0.3403,76.62,33.15,0.04,1.0087,0.6138,1.8034,0.2272,82.54,1.5324,Degraded
External,NASA_B0005,B0005,94,LiCoO2,CC,0.5049,0.3409,76.35,33.01,0.04,1.009,0.6147,1.8027,0.2332,82.25,1.527,Degraded
External,NASA_B0005,B0005,95,LiCoO2,CC,0.5054,0.347,75.85,32.92,0.04,1.0083,0.6233,1.7959,0.2298,81.71,1.517,Degraded
External,NASA_B0005,B0005,96,LiCoO2,CC,0.5051,0.3476,75.59,33.0,0.04,1.0093,0.6243,1.7954,0.2317,81.44,1.5119,Degraded
External,NASA_B0005,B0005,97,LiCoO2,CC,0.5063,0.3532,75.33,33.04,0.04,1.0103,0.632,1.7894,0.2314,81.15,1.5066,Degraded
External,NASA_B0005,B0005,98,LiCoO2,CC,0.5056,0.3538,75.08,33.08,0.04,1.0087,0.6329,1.7885,0.2335,80.88,1.5015,Degraded
External,NASA_B0005,B0005,99,LiCoO2,CC,0.5066,0.3599,74.54,33.05,0.04,1.0112,0.6414,1.7816,0.2278,80.3,1.4908,Degraded
External,NASA_B0005,B0005,100,LiCoO2,CC,0.5071,0.3653,74.29,33.12,0.04,1.009,0.6486,1.7753,0.228,80.04,1.4859,Degraded
External,NASA_B0005,B0005,101,LiCoO2,CC,0.5067,0.3661,74.02,33.13,0.04,1.0092,0.6498,1.7743,0.2289,79.74,1.4804,End_of_Life
External,NASA_B0005,B0005,102,LiCoO2,CC,0.5061,0.3667,73.76,33.13,0.04,1.0086,0.6507,1.7739,0.2293,79.46,1.4752,End_of_Life
External,NASA_B0005,B0005,103,LiCoO2,CC,0.5056,0.3606,74.3,33.2,0.04,1.0085,0.6422,1.781,0.2332,80.04,1.4859,Degraded
External,NASA_B0005,B0005,104,LiCoO2,CC,0.5054,0.3544,74.8,33.79,0.04,1.0103,0.6338,1.788,0.2328,80.59,1.4961,Degraded
External,NASA_B0005,B0005,105,LiCoO2,CC,0.5053,0.3612,74.04,33.67,0.04,1.009,0.6432,1.7803,0.2335,79.76,1.4808,End_of_Life
External,NASA_B0005,B0005,106,LiCoO2,CC,0.5057,0.3674,73.49,33.54,0.04,1.009,0.6515,1.7731,0.2311,79.17,1.4698,End_of_Life
External,NASA_B0005,B0005,107,LiCoO2,CC,0.5053,0.3693,72.7,33.32,0.04,1.0138,0.6542,1.7707,0.2312,78.31,1.4539,End_of_Life
External,NASA_B0005,B0005,108,LiCoO2,CC,0.5072,0.3789,72.71,33.35,0.04,1.0087,0.667,1.7601,0.2295,78.33,1.4541,End_of_Life
External,NASA_B0005,B0005,109,LiCoO2,CC,0.5058,0.3742,72.75,33.65,0.04,1.0085,0.6608,1.7656,0.2343,78.38,1.455,End_of_Life
External,NASA_B0005,B0005,110,LiCoO2,CC,0.5068,0.3796,72.45,33.79,0.04,1.009,0.6678,1.7589,0.2334,78.05,1.449,End_of_Life
External,NASA_B0005,B0005,111,LiCoO2,CC,0.5085,0.3858,71.93,33.52,0.04,1.0145,0.676,1.7517,0.2291,77.49,1.4387,End_of_Life
External,NASA_B0005,B0005,112,LiCoO2,CC,0.5076,0.3864,71.67,33.39,0.04,1.0125,0.6768,1.7513,0.2296,77.21,1.4334,End_of_Life
External,NASA_B0005,B0005,113,LiCoO2,CC,0.5068,0.3864,71.67,33.67,0.04,1.0085,0.6768,1.7512,0.2334,77.21,1.4334,End_of_Life
External,NASA_B0005,B0005,114,LiCoO2,CC,0.5078,0.3919,71.4,33.91,0.04,1.0088,0.6838,1.7447,0.2303,76.92,1.4281,End_of_Life
External,NASA_B0005,B0005,115,LiCoO2,CC,0.5081,0.3926,71.15,33.79,0.04,1.0123,0.6846,1.7437,0.2305,76.65,1.4229,End_of_Life
External,NASA_B0005,B0005,116,LiCoO2,CC,0.5069,0.3933,70.87,33.61,0.04,1.0084,0.6855,1.7426,0.2319,76.35,1.4174,End_of_Life
External,NASA_B0005,B0005,117,LiCoO2,CC,0.5067,0.3939,70.62,33.46,0.04,1.0099,0.6864,1.742,0.2326,76.08,1.4124,End_of_Life
External,NASA_B0005,B0005,118,LiCoO2,CC,0.5066,0.394,70.63,33.72,0.04,1.0091,0.6864,1.7422,0.235,76.09,1.4126,End_of_Life
External,NASA_B0005,B0005,119,LiCoO2,CC,0.5075,0.3993,70.38,34.05,0.04,1.0089,0.6933,1.7359,0.2307,75.82,1.4076,End_of_Life
External,NASA_B0005,B0005,120,LiCoO2,CC,0.5054,0.3816,71.67,33.89,0.04,1.0086,0.6705,1.7568,0.2314,77.21,1.4334,End_of_Life
External,NASA_B0005,B0005,121,LiCoO2,CC,0.5066,0.3809,71.91,34.07,0.04,1.0129,0.6695,1.7573,0.234,77.47,1.4383,End_of_Life
External,NASA_B0005,B0005,122,LiCoO2,CC,0.5069,0.3933,70.87,33.75,0.04,1.0087,0.6856,1.7428,0.2295,76.35,1.4174,End_of_Life
External,NASA_B0005,B0005,123,LiCoO2,CC,0.5074,0.3994,70.35,33.46,0.04,1.0085,0.6933,1.7354,0.2293,75.79,1.407,End_of_Life
External,NASA_B0005,B0005,124,LiCoO2,CC,0.5069,0.4002,70.06,33.4,0.04,1.0087,0.6942,1.7345,0.2309,75.48,1.4012,End_of_Life
External,NASA_B0005,B0005,125,LiCoO2,CC,0.508,0.4055,69.84,33.41,0.04,1.0087,0.7011,1.7282,0.2317,75.23,1.3967,End_of_Life
External,NASA_B0005,B0005,126,LiCoO2,CC,0.506,0.4017,69.56,33.39,0.04,1.0081,0.6961,1.7327,0.232,74.94,1.3913,End_of_Life
External,NASA_B0005,B0005,127,LiCoO2,CC,0.5072,0.4071,69.31,33.37,0.04,1.0089,0.7029,1.7261,0.2326,74.67,1.3862,End_of_Life
External,NASA_B0005,B0005,128,LiCoO2,CC,0.508,0.4125,69.02,33.27,0.04,1.0082,0.7094,1.7196,0.232,74.36,1.3804,End_of_Life
External,NASA_B0005,B0005,129,LiCoO2,CC,0.5075,0.4132,68.76,33.22,0.04,1.0081,0.7104,1.7187,0.231,74.08,1.3752,End_of_Life
External,NASA_B0005,B0005,130,LiCoO2,CC,0.5072,0.4141,68.53,33.26,0.04,1.0082,0.7115,1.7178,0.2329,73.82,1.3705,End_of_Life
External,NASA_B0005,B0005,131,LiCoO2,CC,0.5072,0.414,68.53,33.31,0.04,1.0083,0.7113,1.7177,0.2349,73.82,1.3705,End_of_Life
External,NASA_B0005,B0005,132,LiCoO2,CC,0.508,0.4195,68.24,33.25,0.04,1.0078,0.7179,1.711,0.2337,73.51,1.3647,End_of_Life
External,NASA_B0005,B0005,133,LiCoO2,CC,0.5075,0.4133,68.77,33.75,0.04,1.0078,0.7104,1.7185,0.23,74.09,1.3754,End_of_Life
External,NASA_B0005,B0005,134,LiCoO2,CC,0.507,0.4071,69.31,33.89,0.04,1.0079,0.7029,1.7261,0.2305,74.66,1.3861,End_of_Life
External,NASA_B0005,B0005,135,LiCoO2,CC,0.5084,0.4187,68.49,33.74,0.04,1.008,0.7169,1.7121,0.2297,73.79,1.3699,End_of_Life
External,NASA_B0005,B0005,136,LiCoO2,CC,0.5081,0.4195,68.24,33.59,0.04,1.0083,0.7179,1.7111,0.2342,73.51,1.3648,End_of_Life
External,NASA_B0005,B0005,137,LiCoO2,CC,0.5088,0.4256,67.72,33.32,0.04,1.0091,0.7252,1.7035,0.2296,72.95,1.3543,End_of_Life
External,NASA_B0005,B0005,138,LiCoO2,CC,0.5086,0.4255,67.73,33.69,0.04,1.0081,0.725,1.7036,0.2314,72.97,1.3546,End_of_Life
External,NASA_B0005,B0005,139,LiCoO2,CC,0.5088,0.4256,67.74,33.89,0.04,1.0088,0.7252,1.7036,0.2342,72.97,1.3547,End_of_Life
External,NASA_B0005,B0005,140,LiCoO2,CC,0.5083,0.4264,67.47,33.67,0.04,1.0086,0.7263,1.7025,0.2343,72.68,1.3493,End_of_Life
External,NASA_B0005,B0005,141,LiCoO2,CC,0.5079,0.4273,67.21,33.41,0.04,1.0086,0.7272,1.7015,0.2357,72.4,1.3442,End_of_Life
External,NASA_B0005,B0005,142,LiCoO2,CC,0.5091,0.4326,66.95,33.3,0.04,1.0099,0.7334,1.6951,0.2348,72.12,1.339,End_of_Life
External,NASA_B0005,B0005,143,LiCoO2,CC,0.5088,0.4326,66.95,33.6,0.04,1.0084,0.7336,1.6951,0.2348,72.12,1.3389,End_of_Life
External,NASA_B0005,B0005,144,LiCoO2,CC,0.5088,0.4335,66.7,33.62,0.04,1.01,0.7344,1.6938,0.2327,71.86,1.334,End_of_Life
External,NASA_B0005,B0005,145,LiCoO2,CC,0.5094,0.4388,66.43,33.39,0.04,1.0084,0.7406,1.6871,0.2341,71.57,1.3286,End_of_Life
External,NASA_B0005,B0005,146,LiCoO2,CC,0.5089,0.4396,66.16,33.17,0.04,1.0082,0.7415,1.6862,0.2333,71.27,1.3232,End_of_Life
External,NASA_B0005,B0005,147,LiCoO2,CC,0.5099,0.4449,65.91,33.11,0.04,1.0081,0.7475,1.6796,0.2313,71.0,1.3182,End_of_Life
External,NASA_B0005,B0005,148,LiCoO2,CC,0.51,0.4449,65.92,33.47,0.04,1.0084,0.7476,1.6799,0.2311,71.02,1.3185,End_of_Life
External,NASA_B0005,B0005,149,LiCoO2,CC,0.5088,0.4405,65.91,33.44,0.04,1.0094,0.7426,1.6853,0.2343,71.01,1.3183,End_of_Life
External,NASA_B0005,B0005,150,LiCoO2,CC,0.509,0.4397,66.19,33.04,0.04,1.0081,0.7416,1.6864,0.2299,71.31,1.3239,End_of_Life
External,NASA_B0005,B0005,151,LiCoO2,CC,0.5069,0.4157,68.01,33.49,0.04,1.0108,0.7136,1.7159,0.2354,73.26,1.3601,End_of_Life
External,NASA_B0005,B0005,152,LiCoO2,CC,0.5076,0.428,66.98,33.49,0.04,1.0088,0.7281,1.7008,0.2314,72.15,1.3395,End_of_Life
External,NASA_B0005,B0005,153,LiCoO2,CC,0.5081,0.4343,66.45,33.33,0.04,1.0086,0.7355,1.693,0.2298,71.59,1.329,End_of_Life
External,NASA_B0005,B0005,154,LiCoO2,CC,0.509,0.4396,66.18,33.27,0.04,1.0083,0.7415,1.6862,0.2303,71.3,1.3237,End_of_Life
External,NASA_B0005,B0005,155,LiCoO2,CC,0.5086,0.4405,65.93,33.23,0.04,1.0079,0.7425,1.6851,0.2314,71.03,1.3186,End_of_Life
External,NASA_B0005,B0005,156,LiCoO2,CC,0.5096,0.4459,65.67,33.21,0.04,1.0081,0.7485,1.6786,0.2301,70.75,1.3135,End_of_Life
External,NASA_B0005,B0005,157,LiCoO2,CC,0.5083,0.4414,65.66,33.24,0.04,1.0084,0.7437,1.684,0.2331,70.74,1.3132,End_of_Life
External,NASA_B0005,B0005,158,LiCoO2,CC,0.5091,0.4467,65.39,33.19,0.04,1.0083,0.7495,1.6774,0.2319,70.44,1.3078,End_of_Life
External,NASA_B0005,B0005,159,LiCoO2,CC,0.509,0.4476,65.15,33.17,0.04,1.009,0.7505,1.6765,0.2304,70.19,1.303,End_of_Life
External,NASA_B0005,B0005,160,LiCoO2,CC,0.509,0.4477,65.17,33.25,0.04,1.009,0.7507,1.6764,0.2329,70.21,1.3034,End_of_Life
External,NASA_B0005,B0005,161,LiCoO2,CC,0.5076,0.4431,65.17,33.32,0.04,1.0089,0.7456,1.6819,0.2359,70.21,1.3034,End_of_Life
External,NASA_B0005,B0005,162,LiCoO2,CC,0.5084,0.4485,64.89,33.34,0.04,1.008,0.7515,1.6752,0.2326,69.91,1.2979,End_of_Life
External,NASA_B0005,B0005,163,LiCoO2,CC,0.5085,0.4484,64.9,33.29,0.04,1.0085,0.7513,1.6754,0.2358,69.92,1.2981,End_of_Life
External,NASA_B0005,B0005,164,LiCoO2,CC,0.5083,0.4493,64.67,33.28,0.04,1.0091,0.7524,1.6745,0.2333,69.67,1.2935,End_of_Life
External,NASA_B0005,B0005,165,LiCoO2,CC,0.5093,0.4548,64.4,33.32,0.04,1.0095,0.7585,1.6675,0.231,69.38,1.288,End_of_Life
External,NASA_B0005,B0005,166,LiCoO2,CC,0.5098,0.4549,64.37,33.37,0.04,1.0119,0.7587,1.6675,0.2324,69.35,1.2875,End_of_Life
External,NASA_B0005,B0005,167,LiCoO2,CC,0.5067,0.4377,65.45,33.71,0.04,1.0087,0.7394,1.6889,0.2298,70.51,1.309,End_of_Life
External,NASA_B0005,B0005,168,LiCoO2,CC,0.5066,0.4306,66.25,33.87,0.04,1.0088,0.7314,1.698,0.2356,71.38,1.3251,End_of_Life
External,NASA_B0006,B0006,1,LiCoO2,CC,0.4919,0.1012,100.0,32.14,0.04,1.0078,0.2015,1.9905,0.226,100.0,2.0353,Healthy
External,NASA_B0006,B0006,2,LiCoO2,CC,0.4919,0.1014,100.0,32.29,0.04,1.0075,0.2019,1.9903,0.2314,99.5,2.0251,Healthy
External,NASA_B0006,B0006,3,LiCoO2,CC,0.492,0.1017,100.0,32.24,0.04,1.0072,0.2025,1.9899,0.2235,98.92,2.0133,Healthy
External,NASA_B0006,B0006,4,LiCoO2,CC,0.492,0.102,100.0,32.15,0.04,1.0071,0.203,1.9896,0.221,98.92,2.0133,Healthy
External,NASA_B0006,B0006,5,LiCoO2,CC,0.492,0.1019,100.0,32.07,0.04,1.007,0.2028,1.9895,0.235,98.29,2.0005,Healthy
External,NASA_B0006,B0006,6,LiCoO2,CC,0.492,0.1017,100.0,32.03,0.04,1.0076,0.2023,1.9901,0.2255,98.95,2.0139,Healthy
External,NASA_B0006,B0006,7,LiCoO2,CC,0.4919,0.1016,100.0,32.11,0.04,1.0073,0.2022,1.9901,0.236,98.91,2.0131,Healthy
External,NASA_B0006,B0006,8,LiCoO2,CC,0.4884,0.1028,98.44,32.11,0.04,1.0073,0.2045,1.9891,0.2269,96.73,1.9688,Healthy
External,NASA_B0006,B0006,9,LiCoO2,CC,0.4884,0.1029,98.41,32.04,0.04,1.0075,0.2047,1.9892,0.2226,96.7,1.9682,Healthy
External,NASA_B0006,B0006,10,LiCoO2,CC,0.4871,0.103,97.86,32.0,0.04,1.0078,0.2049,1.9892,0.2403,96.16,1.9572,Healthy
External,NASA_B0006,B0006,11,LiCoO2,CC,0.4856,0.1033,97.28,31.87,0.04,1.007,0.2055,1.9891,0.2288,95.59,1.9456,Healthy
External,NASA_B0006,B0006,12,LiCoO2,CC,0.4844,0.1039,96.74,32.12,0.04,1.0067,0.2066,1.9888,0.2245,95.06,1.9348,Healthy
External,NASA_B0006,B0006,13,LiCoO2,CC,0.4832,0.1042,96.16,32.11,0.04,1.0074,0.2073,1.9887,0.2216,94.49,1.9233,Healthy
External,NASA_B0006,B0006,14,LiCoO2,CC,0.4817,0.1042,95.59,31.99,0.04,1.0072,0.2072,1.9887,0.2299,93.93,1.9119,Healthy
External,NASA_B0006,B0006,15,LiCoO2,CC,0.4804,0.1044,95.05,31.88,0.04,1.0072,0.2077,1.9888,0.2404,93.4,1.9011,Healthy
External,NASA_B0006,B0006,16,LiCoO2,CC,0.479,0.1046,94.46,31.77,0.04,1.0073,0.208,1.9886,0.2445,92.82,1.8892,Healthy
External,NASA_B0006,B0006,17,LiCoO2,CC,0.4779,0.105,93.91,31.79,0.04,1.008,0.209,1.9885,0.229,92.28,1.8783,Healthy
External,NASA_B0006,B0006,18,LiCoO2,CC,0.4765,0.1053,93.38,31.83,0.04,1.0072,0.2094,1.9884,0.2363,91.76,1.8676,Healthy
External,NASA_B0006,B0006,19,LiCoO2,CC,0.4838,0.1292,93.38,31.89,0.04,1.008,0.2555,1.9775,0.2325,91.76,1.8676,Healthy
External,NASA_B0006,B0006,20,LiCoO2,CC,0.4902,0.1024,98.98,31.51,0.04,1.0101,0.2039,1.9892,0.2367,97.26,1.9796,Healthy
External,NASA_B0006,B0006,21,LiCoO2,CC,0.487,0.1031,97.88,31.87,0.04,1.0071,0.2051,1.989,0.2258,96.18,1.9575,Healthy
External,NASA_B0006,B0006,22,LiCoO2,CC,0.4856,0.1033,97.29,31.54,0.04,1.007,0.2055,1.9887,0.2346,95.6,1.9458,Healthy
External,NASA_B0006,B0006,23,LiCoO2,CC,0.4832,0.1039,96.21,31.22,0.04,1.0074,0.2067,1.9886,0.2276,94.54,1.9242,Healthy
External,NASA_B0006,B0006,24,LiCoO2,CC,0.4857,0.1036,97.3,31.12,0.04,1.0068,0.2059,1.9886,0.2275,95.61,1.946,Healthy
External,NASA_B0006,B0006,25,LiCoO2,CC,0.4805,0.1047,95.07,31.03,0.04,1.0072,0.2082,1.9881,0.2207,93.42,1.9014,Healthy
External,NASA_B0006,B0006,26,LiCoO2,CC,0.4848,0.1286,93.93,31.0,0.04,1.0069,0.2544,1.9773,0.2476,92.3,1.8787,Healthy
External,NASA_B0006,B0006,27,LiCoO2,CC,0.4845,0.1291,93.42,30.92,0.04,1.0111,0.2552,1.9772,0.235,91.79,1.8683,Healthy
External,NASA_B0006,B0006,28,LiCoO2,CC,0.4888,0.1494,92.8,30.93,0.04,1.0098,0.2937,1.966,0.2406,91.19,1.856,Healthy
External,NASA_B0006,B0006,29,LiCoO2,CC,0.4973,0.1839,92.26,31.01,0.04,1.0073,0.3577,1.9446,0.2354,90.66,1.8452,Healthy
External,NASA_B0006,B0006,30,LiCoO2,CC,0.4824,0.1294,92.86,30.97,0.04,1.0073,0.2559,1.9769,0.2427,91.25,1.8572,Healthy
External,NASA_B0006,B0006,31,LiCoO2,CC,0.4742,0.0735,96.24,31.1,0.04,1.0075,0.147,1.9998,0.2208,94.57,1.9248,Healthy
External,NASA_B0006,B0006,32,LiCoO2,CC,0.4793,0.1051,94.11,31.31,0.04,1.0123,0.209,1.9884,0.2237,92.48,1.8822,Healthy
External,NASA_B0006,B0006,33,LiCoO2,CC,0.4822,0.1295,92.76,31.13,0.04,1.0073,0.256,1.9771,0.2322,91.15,1.8553,Healthy
External,NASA_B0006,B0006,34,LiCoO2,CC,0.4864,0.1501,91.96,30.83,0.04,1.007,0.2952,1.9657,0.2362,90.37,1.8393,Healthy
External,NASA_B0006,B0006,35,LiCoO2,CC,0.4893,0.1689,90.93,30.76,0.04,1.0066,0.3301,1.9543,0.2439,89.35,1.8185,Degraded
External,NASA_B0006,B0006,36,LiCoO2,CC,0.4913,0.1773,90.67,31.3,0.04,1.0071,0.3457,1.9491,0.2443,89.1,1.8135,Degraded
External,NASA_B0006,B0006,37,LiCoO2,CC,0.4942,0.1936,89.86,31.06,0.04,1.0074,0.3751,1.9374,0.2438,88.3,1.7971,Degraded
External,NASA_B0006,B0006,38,LiCoO2,CC,0.4946,0.2018,89.05,30.97,0.04,1.007,0.3898,1.9313,0.2467,87.5,1.781,Degraded
External,NASA_B0006,B0006,39,LiCoO2,CC,0.4956,0.2094,88.55,30.83,0.04,1.0068,0.4033,1.9254,0.2478,87.01,1.771,Degraded
External,NASA_B0006,B0006,40,LiCoO2,CC,0.4966,0.217,88.02,31.08,0.04,1.0073,0.4167,1.9199,0.2462,86.5,1.7605,Degraded
External,NASA_B0006,B0006,41,LiCoO2,CC,0.4996,0.2308,87.51,31.69,0.04,1.0078,0.4405,1.9087,0.2438,86.0,1.7503,Degraded
External,NASA_B0006,B0006,42,LiCoO2,CC,0.5002,0.2377,86.97,31.88,0.04,1.0071,0.4523,1.9028,0.2482,85.46,1.7395,Degraded
External,NASA_B0006,B0006,43,LiCoO2,CC,0.4997,0.2299,87.73,31.54,0.04,1.007,0.4389,1.9093,0.2573,86.21,1.7547,Degraded
External,NASA_B0006,B0006,44,LiCoO2,CC,0.4932,0.2027,88.3,31.42,0.04,1.0082,0.3914,1.9306,0.246,86.76,1.7659,Degraded
External,NASA_B0006,B0006,45,LiCoO2,CC,0.4977,0.2319,86.69,31.16,0.04,1.0072,0.4422,1.9071,0.2443,85.18,1.7338,Degraded
External,NASA_B0006,B0006,46,LiCoO2,CC,0.4993,0.2459,85.67,31.16,0.04,1.0068,0.4661,1.8954,0.2435,84.18,1.7133,Degraded
External,NASA_B0006,B0006,47,LiCoO2,CC,0.5002,0.2528,85.12,31.21,0.04,1.0076,0.4777,1.8893,0.2446,83.64,1.7024,Degraded
External,NASA_B0006,B0006,48,LiCoO2,CC,0.4752,0.1193,91.19,33.61,0.04,1.0074,0.2365,1.9819,0.231,89.6,1.8237,Degraded
External,NASA_B0006,B0006,49,LiCoO2,CC,0.4829,0.1514,90.41,32.86,0.04,1.0071,0.2976,1.9653,0.2418,88.84,1.8081,Degraded
External,NASA_B0006,B0006,50,LiCoO2,CC,0.4871,0.1792,88.79,32.21,0.04,1.0068,0.349,1.9471,0.2452,87.25,1.7758,Degraded
External,NASA_B0006,B0006,51,LiCoO2,CC,0.4929,0.2111,87.24,31.97,0.04,1.0072,0.4062,1.9242,0.2486,85.72,1.7447,Degraded
External,NASA_B0006,B0006,52,LiCoO2,CC,0.4952,0.2257,86.46,31.74,0.04,1.007,0.4318,1.9125,0.2425,84.96,1.7292,Degraded
External,NASA_B0006,B0006,53,LiCoO2,CC,0.4988,0.2463,85.41,31.88,0.04,1.0072,0.4667,1.895,0.2431,83.92,1.7081,Degraded
External,NASA_B0006,B0006,54,LiCoO2,CC,0.5014,0.2592,84.88,32.24,0.04,1.0073,0.4882,1.8837,0.2454,83.41,1.6976,Degraded
External,NASA_B0006,B0006,55,LiCoO2,CC,0.5033,0.2719,84.1,32.07,0.04,1.0075,0.5089,1.8717,0.2439,82.64,1.6821,Degraded
External,NASA_B0006,B0006,56,LiCoO2,CC,0.5041,0.2783,83.57,32.03,0.04,1.0082,0.5191,1.8655,0.2449,82.12,1.6715,Degraded
External,NASA_B0006,B0006,57,LiCoO2,CC,0.5044,0.2847,83.04,31.98,0.04,1.007,0.5293,1.8593,0.2489,81.6,1.6608,Degraded
External,NASA_B0006,B0006,58,LiCoO2,CC,0.5067,0.2963,82.56,32.24,0.04,1.0071,0.5476,1.8482,0.2515,81.12,1.6511,Degraded
External,NASA_B0006,B0006,59,LiCoO2,CC,0.5075,0.3026,82.01,32.56,0.04,1.0085,0.5572,1.8416,0.2474,80.58,1.6401,Degraded
External,NASA_B0006,B0006,60,LiCoO2,CC,0.5093,0.3139,81.46,32.49,0.04,1.0077,0.5744,1.8298,0.2478,80.05,1.6292,Degraded
External,NASA_B0006,B0006,61,LiCoO2,CC,0.5115,0.3258,80.44,32.43,0.04,1.0132,0.5921,1.8171,0.2423,79.05,1.6088,End_of_Life
External,NASA_B0006,B0006,62,LiCoO2,CC,0.5113,0.3313,80.18,32.3,0.04,1.0071,0.6001,1.8112,0.2504,78.78,1.6035,End_of_Life
External,NASA_B0006,B0006,63,LiCoO2,CC,0.5119,0.3317,79.95,32.61,0.04,1.0124,0.6009,1.8113,0.2488,78.56,1.599,End_of_Life
External,NASA_B0006,B0006,64,LiCoO2,CC,0.5111,0.3378,79.38,32.26,0.04,1.0067,0.6093,1.8038,0.2487,78.0,1.5876,End_of_Life
External,NASA_B0006,B0006,65,LiCoO2,CC,0.5123,0.3431,79.15,32.47,0.04,1.0074,0.6171,1.7982,0.2466,77.77,1.583,End_of_Life
External,NASA_B0006,B0006,66,LiCoO2,CC,0.5136,0.3542,78.36,32.4,0.04,1.007,0.6325,1.7858,0.2485,77.0,1.5671,End_of_Life
External,NASA_B0006,B0006,67,LiCoO2,CC,0.5133,0.3548,78.07,32.31,0.04,1.0082,0.6334,1.7851,0.2488,76.71,1.5613,End_of_Life
External,NASA_B0006,B0006,68,LiCoO2,CC,0.5135,0.3606,77.56,32.35,0.04,1.0072,0.6414,1.7786,0.2453,76.21,1.5512,End_of_Life
External,NASA_B0006,B0006,69,LiCoO2,CC,0.5139,0.3658,77.03,32.47,0.04,1.0081,0.6486,1.7728,0.2493,75.7,1.5407,End_of_Life
External,NASA_B0006,B0006,70,LiCoO2,CC,0.5159,0.3767,76.27,32.52,0.04,1.0112,0.6632,1.7602,0.2488,74.94,1.5253,End_of_Life
External,NASA_B0006,B0006,71,LiCoO2,CC,0.5145,0.3723,76.51,32.52,0.04,1.0078,0.6572,1.7653,0.2448,75.18,1.5302,End_of_Life
External,NASA_B0006,B0006,72,LiCoO2,CC,0.5154,0.3774,76.23,32.54,0.04,1.0077,0.6642,1.7594,0.2475,74.91,1.5247,End_of_Life
External,NASA_B0006,B0006,73,LiCoO2,CC,0.5157,0.3831,75.73,32.56,0.04,1.0071,0.6717,1.7527,0.2406,74.41,1.5145,End_of_Life
External,NASA_B0006,B0006,74,LiCoO2,CC,0.5154,0.384,75.47,32.59,0.04,1.0076,0.6726,1.7517,0.2432,74.16,1.5094,End_of_Life
External,NASA_B0006,B0006,75,LiCoO2,CC,0.5149,0.3845,75.2,32.57,0.04,1.0075,0.6734,1.7511,0.2456,73.89,1.504,End_of_Life
External,NASA_B0006,B0006,76,LiCoO2,CC,0.5167,0.3947,74.68,32.54,0.04,1.0079,0.6865,1.7389,0.2416,73.38,1.4935,End_of_Life
External,NASA_B0006,B0006,77,LiCoO2,CC,0.5161,0.3948,74.38,32.66,0.04,1.0085,0.6864,1.7386,0.2473,73.09,1.4876,End_of_Life
External,NASA_B0006,B0006,78,LiCoO2,CC,0.5087,0.3531,76.51,33.18,0.04,1.0076,0.6311,1.7871,0.2507,75.19,1.5303,End_of_Life
External,NASA_B0006,B0006,79,LiCoO2,CC,0.512,0.3755,75.2,32.71,0.04,1.0067,0.6615,1.7613,0.2438,73.9,1.5041,End_of_Life
External,NASA_B0006,B0006,80,LiCoO2,CC,0.5119,0.3814,74.44,32.54,0.04,1.0072,0.6692,1.7546,0.2487,73.15,1.4888,End_of_Life
External,NASA_B0006,B0006,81,LiCoO2,CC,0.5154,0.3969,73.91,32.67,0.04,1.0076,0.6893,1.7365,0.2398,72.63,1.4783,End_of_Life
External,NASA_B0006,B0006,82,LiCoO2,CC,0.5155,0.3967,73.92,33.16,0.04,1.0082,0.6891,1.7372,0.2413,72.64,1.4785,End_of_Life
External,NASA_B0006,B0006,83,LiCoO2,CC,0.5148,0.3974,73.66,33.41,0.04,1.0071,0.6899,1.7358,0.2404,72.38,1.4732,End_of_Life
External,NASA_B0006,B0006,84,LiCoO2,CC,0.5157,0.4026,73.38,33.35,0.04,1.0073,0.6964,1.7298,0.2435,72.1,1.4675,End_of_Life
External,NASA_B0006,B0006,85,LiCoO2,CC,0.5142,0.404,72.58,33.14,0.04,1.0075,0.6981,1.7279,0.2451,71.32,1.4516,End_of_Life
External,NASA_B0006,B0006,86,LiCoO2,CC,0.5144,0.4047,72.6,32.92,0.04,1.0076,0.699,1.7269,0.2445,71.34,1.4519,End_of_Life
External,NASA_B0006,B0006,87,LiCoO2,CC,0.5154,0.4097,72.36,33.2,0.04,1.0079,0.7053,1.7212,0.2387,71.1,1.4471,End_of_Life
External,NASA_B0006,B0006,88,LiCoO2,CC,0.5154,0.4097,72.34,33.53,0.04,1.0083,0.7052,1.7212,0.2416,71.09,1.4469,End_of_Life
External,NASA_B0006,B0006,89,LiCoO2,CC,0.5152,0.4106,72.08,33.58,0.04,1.0091,0.7063,1.7201,0.2394,70.83,1.4417,End_of_Life
External,NASA_B0006,B0006,90,LiCoO2,CC,0.5073,0.3223,79.68,33.22,0.04,1.0072,0.587,1.821,0.2499,78.3,1.5936,End_of_Life
External,NASA_B0006,B0006,91,LiCoO2,CC,0.5016,0.3222,77.32,33.37,0.04,1.0082,0.5868,1.8214,0.2429,75.98,1.5464,End_of_Life
External,NASA_B0006,B0006,92,LiCoO2,CC,0.506,0.3507,75.74,33.43,0.04,1.0073,0.6278,1.79,0.2424,74.42,1.5147,End_of_Life
External,NASA_B0006,B0006,93,LiCoO2,CC,0.5074,0.3621,74.95,33.29,0.04,1.0072,0.6434,1.7769,0.2445,73.65,1.499,End_of_Life
External,NASA_B0006,B0006,94,LiCoO2,CC,0.5089,0.3734,74.16,33.14,0.04,1.0076,0.6587,1.764,0.2411,72.87,1.4831,End_of_Life
External,NASA_B0006,B0006,95,LiCoO2,CC,0.5095,0.3794,73.65,33.11,0.04,1.0079,0.6667,1.7572,0.2443,72.37,1.473,End_of_Life
External,NASA_B0006,B0006,96,LiCoO2,CC,0.5099,0.3852,73.14,33.19,0.04,1.0077,0.6743,1.7503,0.2415,71.87,1.4628,End_of_Life
External,NASA_B0006,B0006,97,LiCoO2,CC,0.5104,0.3906,72.59,33.26,0.04,1.0089,0.6812,1.744,0.2446,71.33,1.4518,End_of_Life
External,NASA_B0006,B0006,98,LiCoO2,CC,0.5118,0.3965,72.34,33.3,0.04,1.0099,0.6887,1.7369,0.2437,71.09,1.4469,End_of_Life
External,NASA_B0006,B0006,99,LiCoO2,CC,0.5113,0.3972,72.07,33.32,0.04,1.0099,0.6897,1.736,0.2425,70.82,1.4414,End_of_Life
External,NASA_B0006,B0006,100,LiCoO2,CC,0.5112,0.4025,71.56,33.39,0.04,1.0076,0.6963,1.7297,0.2443,70.32,1.4312,End_of_Life
External,NASA_B0006,B0006,101,LiCoO2,CC,0.5106,0.4032,71.3,33.42,0.04,1.007,0.697,1.7288,0.2453,70.06,1.426,End_of_Life
External,NASA_B0006,B0006,102,LiCoO2,CC,0.5118,0.4092,71.02,33.4,0.04,1.0075,0.7046,1.7217,0.2404,69.79,1.4205,End_of_Life
External,NASA_B0006,B0006,103,LiCoO2,CC,0.5116,0.4084,71.04,33.74,0.04,1.0076,0.7037,1.7228,0.2407,69.8,1.4207,End_of_Life
External,NASA_B0006,B0006,104,LiCoO2,CC,0.5094,0.3867,72.61,34.09,0.04,1.009,0.6766,1.7488,0.2395,71.35,1.4523,End_of_Life
External,NASA_B0006,B0006,105,LiCoO2,CC,0.51,0.3986,71.58,34.0,0.04,1.0076,0.6914,1.7345,0.2392,70.34,1.4316,End_of_Life
External,NASA_B0006,B0006,106,LiCoO2,CC,0.5097,0.4046,70.75,33.91,0.04,1.007,0.6989,1.7272,0.2448,69.52,1.415,End_of_Life
External,NASA_B0006,B0006,107,LiCoO2,CC,0.5093,0.4015,70.49,33.71,0.04,1.0131,0.6951,1.7306,0.2408,69.26,1.4097,End_of_Life
External,NASA_B0006,B0006,108,LiCoO2,CC,0.5119,0.4157,70.25,33.75,0.04,1.0077,0.7126,1.7142,0.2399,69.03,1.4049,End_of_Life
External,NASA_B0006,B0006,109,LiCoO2,CC,0.5123,0.4217,69.76,34.02,0.04,1.0072,0.7197,1.7068,0.2367,68.55,1.3952,End_of_Life
External,NASA_B0006,B0006,110,LiCoO2,CC,0.5124,0.4218,69.73,34.18,0.04,1.0077,0.7197,1.7064,0.239,68.52,1.3945,End_of_Life
External,NASA_B0006,B0006,111,LiCoO2,CC,0.5129,0.4226,69.47,33.98,0.04,1.0125,0.7207,1.7053,0.2422,68.26,1.3893,End_of_Life
External,NASA_B0006,B0006,112,LiCoO2,CC,0.5126,0.4232,69.19,33.84,0.04,1.0135,0.7214,1.7046,0.2422,67.99,1.3838,End_of_Life
External,NASA_B0006,B0006,113,LiCoO2,CC,0.5117,0.4285,68.68,34.1,0.04,1.0074,0.7279,1.6986,0.2444,67.49,1.3737,End_of_Life
External,NASA_B0006,B0006,114,LiCoO2,CC,0.5124,0.4284,68.93,34.35,0.04,1.0076,0.7276,1.6982,0.2418,67.73,1.3786,End_of_Life
External,NASA_B0006,B0006,115,LiCoO2,CC,0.512,0.4293,68.69,34.22,0.04,1.0076,0.7286,1.6971,0.2422,67.5,1.3738,End_of_Life
External,NASA_B0006,B0006,116,LiCoO2,CC,0.5118,0.4303,68.41,34.04,0.04,1.0081,0.7299,1.696,0.2432,67.23,1.3683,End_of_Life
External,NASA_B0006,B0006,117,LiCoO2,CC,0.5112,0.431,68.17,33.89,0.04,1.0075,0.7307,1.6953,0.2434,66.98,1.3633,End_of_Life
External,NASA_B0006,B0006,118,LiCoO2,CC,0.5121,0.4361,67.9,34.12,0.04,1.0074,0.7366,1.6891,0.2391,66.73,1.3581,End_of_Life
External,NASA_B0006,B0006,119,LiCoO2,CC,0.5115,0.4361,67.66,34.49,0.04,1.0075,0.7367,1.6893,0.2428,66.49,1.3533,End_of_Life
External,NASA_B0006,B0006,120,LiCoO2,CC,0.5101,0.4188,69.21,34.24,0.04,1.0074,0.7163,1.7102,0.2372,68.01,1.3842,End_of_Life
External,NASA_B0006,B0006,121,LiCoO2,CC,0.5085,0.4024,70.26,34.41,0.04,1.0109,0.6963,1.7303,0.2414,69.04,1.4051,End_of_Life
External,NASA_B0006,B0006,122,LiCoO2,CC,0.5081,0.4145,68.94,34.16,0.04,1.007,0.711,1.7153,0.2441,67.74,1.3787,End_of_Life
External,NASA_B0006,B0006,123,LiCoO2,CC,0.5102,0.4258,68.41,33.88,0.04,1.0071,0.7245,1.7014,0.2415,67.23,1.3683,End_of_Life
External,NASA_B0006,B0006,124,LiCoO2,CC,0.5091,0.4265,67.87,33.84,0.04,1.0071,0.7254,1.7005,0.246,66.69,1.3573,End_of_Life
External,NASA_B0006,B0006,125,LiCoO2,CC,0.5115,0.4369,67.62,33.82,0.04,1.007,0.7373,1.6874,0.2426,66.45,1.3525,End_of_Life
External,NASA_B0006,B0006,126,LiCoO2,CC,0.51,0.4335,67.37,33.81,0.04,1.0074,0.7335,1.692,0.2439,66.2,1.3474,End_of_Life
External,NASA_B0006,B0006,127,LiCoO2,CC,0.5102,0.4388,66.85,33.8,0.04,1.0071,0.7395,1.6853,0.2453,65.69,1.337,End_of_Life
External,NASA_B0006,B0006,128,LiCoO2,CC,0.5111,0.4439,66.56,33.7,0.04,1.0073,0.7454,1.6788,0.2458,65.41,1.3312,End_of_Life
External,NASA_B0006,B0006,129,LiCoO2,CC,0.5121,0.4501,66.3,33.64,0.04,1.0067,0.7522,1.6712,0.2431,65.15,1.3259,End_of_Life
External,NASA_B0006,B0006,130,LiCoO2,CC,0.5103,0.4457,66.08,33.69,0.04,1.007,0.7474,1.6769,0.2473,64.93,1.3216,End_of_Life
External,NASA_B0006,B0006,131,LiCoO2,CC,0.5118,0.451,66.06,33.71,0.04,1.0069,0.7533,1.6702,0.2442,64.91,1.3212,End_of_Life
External,NASA_B0006,B0006,132,LiCoO2,CC,0.5127,0.4562,65.78,33.65,0.04,1.0069,0.759,1.6635,0.2434,64.64,1.3156,End_of_Life
External,NASA_B0006,B0006,133,LiCoO2,CC,0.5131,0.4553,66.05,33.98,0.04,1.0073,0.7579,1.6646,0.241,64.9,1.3209,End_of_Life
External,NASA_B0006,B0006,134,LiCoO2,CC,0.5099,0.4335,67.37,33.82,0.04,1.0069,0.7334,1.6918,0.2446,66.2,1.3474,End_of_Life
External,NASA_B0006,B0006,135,LiCoO2,CC,0.5121,0.4501,66.3,33.61,0.04,1.0067,0.7523,1.6712,0.2419,65.15,1.326,End_of_Life
External,NASA_B0006,B0006,136,LiCoO2,CC,0.512,0.4563,65.51,33.47,0.04,1.007,0.759,1.6633,0.2457,64.37,1.3101,End_of_Life
External,NASA_B0006,B0006,137,LiCoO2,CC,0.5133,0.4623,65.26,33.21,0.04,1.0071,0.7655,1.6559,0.2437,64.13,1.3052,End_of_Life
External,NASA_B0006,B0006,138,LiCoO2,CC,0.5126,0.4622,65.02,33.58,0.04,1.007,0.7655,1.6561,0.2482,63.89,1.3004,End_of_Life
External,NASA_B0006,B0006,139,LiCoO2,CC,0.5142,0.4674,65.01,33.76,0.04,1.0074,0.771,1.6494,0.2452,63.88,1.3002,End_of_Life
External,NASA_B0006,B0006,140,LiCoO2,CC,0.5132,0.4683,64.48,33.57,0.04,1.0074,0.7719,1.6481,0.2493,63.36,1.2895,End_of_Life
External,NASA_B0006,B0006,141,LiCoO2,CC,0.5136,0.4743,63.96,33.27,0.04,1.007,0.7781,1.6403,0.2482,62.85,1.2793,End_of_Life
External,NASA_B0006,B0006,142,LiCoO2,CC,0.5153,0.4796,63.96,33.13,0.04,1.0074,0.7837,1.6339,0.2466,62.85,1.2792,End_of_Life
External,NASA_B0006,B0006,143,LiCoO2,CC,0.5146,0.4797,63.7,33.44,0.04,1.0073,0.7838,1.6341,0.2476,62.6,1.274,End_of_Life
External,NASA_B0006,B0006,144,LiCoO2,CC,0.515,0.4807,63.71,33.48,0.04,1.0075,0.7849,1.6325,0.2474,62.6,1.2741,End_of_Life
External,NASA_B0006,B0006,145,LiCoO2,CC,0.5168,0.491,63.19,33.22,0.04,1.0075,0.7951,1.6193,0.2481,62.09,1.2638,End_of_Life
External,NASA_B0006,B0006,146,LiCoO2,CC,0.5164,0.4921,62.91,32.99,0.04,1.0076,0.7962,1.6179,0.2474,61.81,1.2581,End_of_Life
External,NASA_B0006,B0006,147,LiCoO2,CC,0.5158,0.4918,62.66,32.97,0.04,1.0079,0.7959,1.6181,0.2532,61.58,1.2533,End_of_Life
External,NASA_B0006,B0006,148,LiCoO2,CC,0.5157,0.492,62.66,33.31,0.04,1.0071,0.7962,1.6182,0.2526,61.57,1.2532,End_of_Life
External,NASA_B0006,B0006,149,LiCoO2,CC,0.5171,0.4981,62.4,33.23,0.04,1.0082,0.8023,1.6104,0.2491,61.32,1.2481,End_of_Life
External,NASA_B0006,B0006,150,LiCoO2,CC,0.5173,0.4971,62.67,33.12,0.04,1.0075,0.8011,1.6116,0.245,61.58,1.2534,End_of_Life
External,NASA_B0006,B0006,151,LiCoO2,CC,0.5151,0.4734,64.49,33.78,0.04,1.0091,0.7774,1.642,0.2467,63.37,1.2898,End_of_Life
External,NASA_B0006,B0006,152,LiCoO2,CC,0.5166,0.4909,63.18,33.81,0.04,1.0071,0.7951,1.6195,0.2481,62.08,1.2635,End_of_Life
External,NASA_B0006,B0006,153,LiCoO2,CC,0.518,0.5021,62.4,33.64,0.04,1.0069,0.806,1.6049,0.2481,61.32,1.248,End_of_Life
External,NASA_B0006,B0006,154,LiCoO2,CC,0.5193,0.5126,61.61,33.58,0.04,1.0075,0.8159,1.5917,0.2513,60.54,1.2321,End_of_Life
External,NASA_B0006,B0006,155,LiCoO2,CC,0.519,0.5138,61.36,33.56,0.04,1.0075,0.817,1.5901,0.2554,60.29,1.2271,End_of_Life
External,NASA_B0006,B0006,156,LiCoO2,CC,0.5214,0.524,61.09,33.51,0.04,1.0074,0.8263,1.5768,0.2522,60.03,1.2217,End_of_Life
External,NASA_B0006,B0006,157,LiCoO2,CC,0.5205,0.5251,60.56,33.54,0.04,1.0078,0.8273,1.5753,0.2554,59.5,1.2111,End_of_Life
External,NASA_B0006,B0006,158,LiCoO2,CC,0.5213,0.5302,60.28,33.5,0.04,1.0074,0.8317,1.5685,0.257,59.23,1.2056,End_of_Life
External,NASA_B0006,B0006,159,LiCoO2,CC,0.521,0.5314,60.04,33.52,0.04,1.0073,0.8329,1.5672,0.2582,59.0,1.2009,End_of_Life
External,NASA_B0006,B0006,160,LiCoO2,CC,0.5228,0.5418,59.53,33.53,0.04,1.0074,0.8419,1.5538,0.2562,58.5,1.1906,End_of_Life
External,NASA_B0006,B0006,161,LiCoO2,CC,0.5224,0.5428,59.26,33.57,0.04,1.007,0.8427,1.5522,0.2563,58.23,1.1852,End_of_Life
External,NASA_B0006,B0006,162,LiCoO2,CC,0.5233,0.5481,58.98,33.6,0.04,1.007,0.847,1.5453,0.2568,57.96,1.1797,End_of_Life
External,NASA_B0006,B0006,163,LiCoO2,CC,0.5244,0.5532,58.73,33.54,0.04,1.0083,0.8514,1.5387,0.2599,57.71,1.1746,End_of_Life
External,NASA_B0006,B0006,164,LiCoO2,CC,0.5271,0.5699,57.69,33.47,0.04,1.0096,0.8647,1.517,0.2568,56.69,1.1538,End_of_Life
External,NASA_B0006,B0006,165,LiCoO2,CC,0.5264,0.5646,58.22,33.58,0.04,1.0073,0.8604,1.5239,0.2579,57.21,1.1644,End_of_Life
External,NASA_B0006,B0006,166,LiCoO2,CC,0.5259,0.5647,57.94,33.66,0.04,1.0081,0.8604,1.5238,0.2637,56.93,1.1588,End_of_Life
External,NASA_B0006,B0006,167,LiCoO2,CC,0.5242,0.553,58.75,33.73,0.04,1.0069,0.8512,1.5391,0.2529,57.73,1.175,End_of_Life
External,NASA_B0006,B0006,168,LiCoO2,CC,0.5249,0.5506,59.28,33.89,0.04,1.0074,0.8496,1.5427,0.2619,58.25,1.1857,End_of_Life
External,NASA_B0007,B0007,1,LiCoO2,CC,0.5223,0.2543,94.55,32.62,0.04,0.9984,0.4753,1.8691,0.2874,100.0,1.8911,Healthy
External,NASA_B0007,B0007,2,LiCoO2,CC,0.521,0.255,94.03,32.74,0.04,0.9972,0.4766,1.8681,0.2797,99.45,1.8806,Healthy
External,NASA_B0007,B0007,3,LiCoO2,CC,0.5178,0.2441,94.03,32.69,0.04,0.9973,0.4584,1.8778,0.2837,99.45,1.8807,Healthy
External,NASA_B0007,B0007,4,LiCoO2,CC,0.5144,0.2327,94.04,32.55,0.04,0.9976,0.4392,1.8875,0.2901,99.46,1.8808,Healthy
External,NASA_B0007,B0007,5,LiCoO2,CC,0.5141,0.2329,93.97,32.47,0.04,0.9968,0.4395,1.8872,0.2922,99.39,1.8795,Healthy
External,NASA_B0007,B0007,6,LiCoO2,CC,0.5212,0.2557,94.04,32.49,0.04,0.9971,0.4775,1.8675,0.2667,99.45,1.8807,Healthy
External,NASA_B0007,B0007,7,LiCoO2,CC,0.521,0.2557,94.0,32.56,0.04,0.9966,0.4775,1.8673,0.2712,99.41,1.8799,Healthy
External,NASA_B0007,B0007,8,LiCoO2,CC,0.5072,0.2087,94.08,32.45,0.04,0.9968,0.3979,1.9063,0.273,99.5,1.8815,Healthy
External,NASA_B0007,B0007,9,LiCoO2,CC,0.5017,0.1954,93.48,32.37,0.04,0.9969,0.3744,1.9164,0.2771,98.87,1.8697,Healthy
External,NASA_B0007,B0007,10,LiCoO2,CC,0.5017,0.1952,93.5,32.31,0.04,0.9969,0.3742,1.9165,0.2838,98.89,1.8701,Healthy
External,NASA_B0007,B0007,11,LiCoO2,CC,0.4974,0.1808,93.5,32.18,0.04,0.9971,0.3484,1.9268,0.2889,98.89,1.87,Healthy
External,NASA_B0007,B0007,12,LiCoO2,CC,0.4915,0.1654,92.98,32.38,0.04,0.9969,0.3204,1.937,0.276,98.34,1.8597,Healthy
External,NASA_B0007,B0007,13,LiCoO2,CC,0.4862,0.148,92.95,32.29,0.04,0.9971,0.2882,1.9471,0.2717,98.31,1.8591,Healthy
External,NASA_B0007,B0007,14,LiCoO2,CC,0.4862,0.1481,92.95,32.15,0.04,0.997,0.2884,1.947,0.2826,98.31,1.859,Healthy
External,NASA_B0007,B0007,15,LiCoO2,CC,0.4864,0.1484,92.97,32.01,0.04,0.9972,0.2889,1.9469,0.255,98.32,1.8594,Healthy
External,NASA_B0007,B0007,16,LiCoO2,CC,0.4803,0.1286,92.94,31.88,0.04,0.9968,0.2517,1.9574,0.2598,98.29,1.8587,Healthy
External,NASA_B0007,B0007,17,LiCoO2,CC,0.4718,0.105,92.39,31.85,0.04,0.9969,0.2066,1.968,0.2667,97.71,1.8478,Healthy
External,NASA_B0007,B0007,18,LiCoO2,CC,0.4721,0.1053,92.43,31.86,0.04,0.9973,0.2073,1.9681,0.2443,97.75,1.8485,Healthy
External,NASA_B0007,B0007,19,LiCoO2,CC,0.4721,0.1053,92.42,31.87,0.04,0.9972,0.2072,1.968,0.2533,97.74,1.8484,Healthy
External,NASA_B0007,B0007,20,LiCoO2,CC,0.5075,0.2082,94.04,32.35,0.04,0.9996,0.397,1.9067,0.287,99.46,1.8808,Healthy
External,NASA_B0007,B0007,21,LiCoO2,CC,0.4987,0.1803,94.07,32.6,0.04,0.997,0.3474,1.9267,0.2884,99.49,1.8815,Healthy
External,NASA_B0007,B0007,22,LiCoO2,CC,0.4988,0.1809,94.05,32.2,0.04,0.9969,0.3485,1.9261,0.2624,99.47,1.8811,Healthy
External,NASA_B0007,B0007,23,LiCoO2,CC,0.4875,0.1477,93.55,31.81,0.04,0.9964,0.2875,1.9468,0.2755,98.94,1.871,Healthy
External,NASA_B0007,B0007,24,LiCoO2,CC,0.4927,0.1652,93.51,31.74,0.04,0.9967,0.3198,1.9364,0.2882,98.9,1.8702,Healthy
External,NASA_B0007,B0007,25,LiCoO2,CC,0.4746,0.1048,93.53,31.52,0.04,0.9965,0.2062,1.9676,0.2505,98.92,1.8707,Healthy
External,NASA_B0007,B0007,26,LiCoO2,CC,0.4733,0.1047,92.98,31.44,0.04,0.9974,0.206,1.968,0.2672,98.34,1.8596,Healthy
External,NASA_B0007,B0007,27,LiCoO2,CC,0.4736,0.1051,93.0,31.32,0.04,0.9978,0.2068,1.9676,0.2455,98.36,1.86,Healthy
External,NASA_B0007,B0007,28,LiCoO2,CC,0.4733,0.105,92.96,31.29,0.04,0.9968,0.2066,1.9676,0.2564,98.31,1.8592,Healthy
External,NASA_B0007,B0007,29,LiCoO2,CC,0.472,0.105,92.41,31.33,0.04,0.9972,0.2066,1.9678,0.2688,97.73,1.8481,Healthy
External,NASA_B0007,B0007,30,LiCoO2,CC,0.4721,0.1052,92.46,31.32,0.04,0.997,0.2071,1.9675,0.251,97.79,1.8492,Healthy
External,NASA_B0007,B0007,31,LiCoO2,CC,0.4761,0.1043,94.17,31.61,0.04,0.997,0.2052,1.9683,0.2424,99.6,1.8835,Healthy
External,NASA_B0007,B0007,32,LiCoO2,CC,0.4654,0.0742,93.14,31.78,0.04,1.0017,0.147,1.9788,0.239,98.51,1.8628,Healthy
External,NASA_B0007,B0007,33,LiCoO2,CC,0.4632,0.0744,92.6,31.52,0.04,0.9969,0.1471,1.9786,0.2361,97.94,1.8521,Healthy
External,NASA_B0007,B0007,34,LiCoO2,CC,0.4626,0.0744,92.35,31.14,0.04,0.9971,0.1473,1.9784,0.2436,97.67,1.847,Healthy
External,NASA_B0007,B0007,35,LiCoO2,CC,0.4613,0.0747,91.84,31.07,0.04,0.9966,0.1478,1.9782,0.2381,97.13,1.8368,Healthy
External,NASA_B0007,B0007,36,LiCoO2,CC,0.4613,0.0746,91.86,31.62,0.04,0.9966,0.1477,1.9784,0.2436,97.15,1.8372,Healthy
External,NASA_B0007,B0007,37,LiCoO2,CC,0.4609,0.0748,91.58,31.33,0.04,0.9973,0.1481,1.9781,0.2484,96.86,1.8317,Healthy
External,NASA_B0007,B0007,38,LiCoO2,CC,0.4595,0.075,91.06,31.13,0.04,0.9969,0.1484,1.9781,0.2369,96.3,1.8211,Healthy
External,NASA_B0007,B0007,39,LiCoO2,CC,0.4588,0.0751,90.83,30.97,0.04,0.9961,0.1485,1.978,0.2412,96.06,1.8165,Healthy
External,NASA_B0007,B0007,40,LiCoO2,CC,0.4584,0.0751,90.57,31.2,0.04,0.9973,0.1487,1.9784,0.2378,95.79,1.8114,Healthy
External,NASA_B0007,B0007,41,LiCoO2,CC,0.4583,0.0752,90.58,31.72,0.04,0.9966,0.1489,1.9783,0.2443,95.8,1.8116,Healthy
External,NASA_B0007,B0007,42,LiCoO2,CC,0.4578,0.0752,90.3,31.9,0.04,0.9973,0.149,1.9782,0.2429,95.51,1.8061,Healthy
External,NASA_B0007,B0007,43,LiCoO2,CC,0.468,0.1062,90.66,31.54,0.04,0.9976,0.2091,1.9671,0.2533,95.88,1.8132,Healthy
External,NASA_B0007,B0007,44,LiCoO2,CC,0.4579,0.0753,90.31,31.25,0.04,0.9976,0.149,1.9781,0.2453,95.52,1.8063,Healthy
External,NASA_B0007,B0007,45,LiCoO2,CC,0.4565,0.0755,89.79,30.94,0.04,0.997,0.1494,1.978,0.2472,94.96,1.7958,Healthy
External,NASA_B0007,B0007,46,LiCoO2,CC,0.4553,0.0758,89.29,30.88,0.04,0.9966,0.15,1.9779,0.2397,94.44,1.7859,Healthy
External,NASA_B0007,B0007,47,LiCoO2,CC,0.4547,0.0758,89.02,30.92,0.04,0.9969,0.1499,1.978,0.2435,94.14,1.7803,Healthy
External,NASA_B0007,B0007,48,LiCoO2,CC,0.4588,0.0751,90.75,33.88,0.04,0.9967,0.1486,1.9779,0.2378,95.98,1.8151,Healthy
External,NASA_B0007,B0007,49,LiCoO2,CC,0.459,0.0751,90.79,33.04,0.04,0.9973,0.1486,1.9782,0.2379,96.02,1.8157,Healthy
External,NASA_B0007,B0007,50,LiCoO2,CC,0.4569,0.0754,90.01,32.27,0.04,0.9964,0.1492,1.978,0.2376,95.2,1.8002,Healthy
External,NASA_B0007,B0007,51,LiCoO2,CC,0.456,0.0756,89.52,31.94,0.04,0.9975,0.1496,1.978,0.2411,94.68,1.7904,Healthy
External,NASA_B0007,B0007,52,LiCoO2,CC,0.4598,0.0929,89.02,31.69,0.04,0.9971,0.1832,1.9722,0.2428,94.15,1.7803,Healthy
External,NASA_B0007,B0007,53,LiCoO2,CC,0.4591,0.093,88.77,31.78,0.04,0.9964,0.1834,1.9723,0.2488,93.88,1.7753,Healthy
External,NASA_B0007,B0007,54,LiCoO2,CC,0.4629,0.1075,88.51,32.13,0.04,0.9969,0.2115,1.9668,0.2513,93.61,1.7703,Healthy
External,NASA_B0007,B0007,55,LiCoO2,CC,0.4655,0.1207,88.0,31.89,0.04,0.9963,0.2366,1.9609,0.2484,93.07,1.7601,Healthy
External,NASA_B0007,B0007,56,LiCoO2,CC,0.4644,0.1208,87.48,31.82,0.04,0.9971,0.2369,1.9608,0.2591,92.52,1.7496,Healthy
External,NASA_B0007,B0007,57,LiCoO2,CC,0.4643,0.121,87.48,31.72,0.04,0.9966,0.2373,1.9608,0.2567,92.52,1.7497,Healthy
External,NASA_B0007,B0007,58,LiCoO2,CC,0.4673,0.1327,87.25,31.96,0.04,0.9966,0.2596,1.9551,0.259,92.28,1.745,Healthy
External,NASA_B0007,B0007,59,LiCoO2,CC,0.4667,0.1329,86.98,32.3,0.04,0.9969,0.2598,1.9551,0.256,91.99,1.7396,Healthy
External,NASA_B0007,B0007,60,LiCoO2,CC,0.4685,0.1436,86.43,32.13,0.04,0.9965,0.2799,1.9492,0.2638,91.41,1.7286,Healthy
External,NASA_B0007,B0007,61,LiCoO2,CC,0.469,0.1442,86.2,32.02,0.04,1.0014,0.281,1.9485,0.2543,91.16,1.7239,Healthy
External,NASA_B0007,B0007,62,LiCoO2,CC,0.47,0.1543,85.7,31.86,0.04,0.9975,0.2999,1.9431,0.2649,90.64,1.714,Healthy
External,NASA_B0007,B0007,63,LiCoO2,CC,0.4708,0.1546,85.7,32.16,0.04,1.0008,0.3003,1.943,0.257,90.64,1.714,Healthy
External,NASA_B0007,B0007,64,LiCoO2,CC,0.4688,0.1549,85.18,32.1,0.04,0.997,0.301,1.9425,0.2662,90.09,1.7037,Healthy
External,NASA_B0007,B0007,65,LiCoO2,CC,0.4717,0.1645,85.2,32.34,0.04,0.997,0.3186,1.937,0.2617,90.11,1.704,Healthy
External,NASA_B0007,B0007,66,LiCoO2,CC,0.4733,0.1739,84.68,32.21,0.04,0.997,0.3358,1.931,0.2554,89.56,1.6936,Degraded
External,NASA_B0007,B0007,67,LiCoO2,CC,0.4725,0.1741,84.38,32.1,0.04,0.9966,0.3361,1.9305,0.2571,89.24,1.6877,Degraded
External,NASA_B0007,B0007,68,LiCoO2,CC,0.472,0.1744,84.15,32.11,0.04,0.9966,0.3368,1.9306,0.2574,89.0,1.6831,Degraded
External,NASA_B0007,B0007,69,LiCoO2,CC,0.474,0.1832,83.9,32.2,0.04,0.9966,0.3527,1.9247,0.2574,88.73,1.6779,Degraded
External,NASA_B0007,B0007,70,LiCoO2,CC,0.4735,0.1834,83.66,32.23,0.04,0.9967,0.3531,1.9246,0.259,88.48,1.6732,Degraded
External,NASA_B0007,B0007,71,LiCoO2,CC,0.473,0.1838,83.37,32.21,0.04,0.9971,0.3537,1.9244,0.259,88.18,1.6674,Degraded
External,NASA_B0007,B0007,72,LiCoO2,CC,0.475,0.1923,83.11,32.22,0.04,0.9976,0.3689,1.9184,0.259,87.9,1.6623,Degraded
External,NASA_B0007,B0007,73,LiCoO2,CC,0.4743,0.1925,82.87,32.23,0.04,0.997,0.3693,1.9182,0.2618,87.65,1.6574,Degraded
External,NASA_B0007,B0007,74,LiCoO2,CC,0.474,0.1928,82.63,32.23,0.04,0.998,0.3697,1.9181,0.2633,87.39,1.6525,Degraded
External,NASA_B0007,B0007,75,LiCoO2,CC,0.4733,0.1931,82.36,32.18,0.04,0.9975,0.3704,1.918,0.2622,87.11,1.6472,Degraded
External,NASA_B0007,B0007,76,LiCoO2,CC,0.4743,0.2013,81.82,32.17,0.04,0.9966,0.385,1.9117,0.2658,86.53,1.6364,Degraded
External,NASA_B0007,B0007,77,LiCoO2,CC,0.4743,0.2014,81.81,32.03,0.04,0.9967,0.3851,1.9116,0.266,86.53,1.6363,Degraded
External,NASA_B0007,B0007,78,LiCoO2,CC,0.4724,0.1931,82.06,32.51,0.04,0.9969,0.3703,1.9176,0.2675,86.78,1.6411,Degraded
External,NASA_B0007,B0007,79,LiCoO2,CC,0.474,0.2019,81.58,31.96,0.04,0.9975,0.386,1.9111,0.2625,86.28,1.6316,Degraded
External,NASA_B0007,B0007,80,LiCoO2,CC,0.4727,0.2022,81.06,31.8,0.04,0.9969,0.3865,1.9109,0.2684,85.73,1.6212,Degraded
External,NASA_B0007,B0007,81,LiCoO2,CC,0.4745,0.2102,80.82,31.96,0.04,0.9967,0.4005,1.905,0.2655,85.48,1.6164,Degraded
External,NASA_B0007,B0007,82,LiCoO2,CC,0.4746,0.2103,80.79,32.42,0.04,0.9978,0.4006,1.9051,0.2692,85.45,1.6158,Degraded
External,NASA_B0007,B0007,83,LiCoO2,CC,0.4746,0.2105,80.84,32.64,0.04,0.9969,0.4011,1.9049,0.2646,85.49,1.6167,Degraded
External,NASA_B0007,B0007,84,LiCoO2,CC,0.4762,0.2183,80.54,32.56,0.04,0.9968,0.4146,1.8988,0.2639,85.18,1.6109,Degraded
External,NASA_B0007,B0007,85,LiCoO2,CC,0.4728,0.2112,80.03,32.28,0.04,0.9969,0.4024,1.9044,0.2696,84.64,1.6007,Degraded
External,NASA_B0007,B0007,86,LiCoO2,CC,0.4725,0.2116,79.8,32.06,0.04,0.9974,0.4031,1.9042,0.2759,84.39,1.5959,Degraded
External,NASA_B0007,B0007,87,LiCoO2,CC,0.4748,0.2193,79.81,32.37,0.04,0.9975,0.4163,1.8983,0.264,84.41,1.5962,Degraded
External,NASA_B0007,B0007,88,LiCoO2,CC,0.4747,0.2194,79.79,32.69,0.04,0.997,0.4165,1.8978,0.2665,84.39,1.5958,Degraded
External,NASA_B0007,B0007,89,LiCoO2,CC,0.4718,0.212,79.53,32.75,0.04,0.9969,0.4037,1.9037,0.2778,84.11,1.5907,Degraded
External,NASA_B0007,B0007,90,LiCoO2,CC,0.47,0.165,84.44,32.51,0.04,0.9969,0.3196,1.937,0.2742,89.31,1.6888,Degraded
External,NASA_B0007,B0007,91,LiCoO2,CC,0.4684,0.1858,81.3,32.92,0.04,0.997,0.3573,1.9233,0.2705,85.98,1.626,Degraded
External,NASA_B0007,B0007,92,LiCoO2,CC,0.4697,0.1945,80.79,32.95,0.04,0.9967,0.373,1.9169,0.2749,85.44,1.6157,Degraded
External,NASA_B0007,B0007,93,LiCoO2,CC,0.471,0.2033,80.28,32.77,0.04,0.9967,0.3884,1.9105,0.2739,84.91,1.6057,Degraded
External,NASA_B0007,B0007,94,LiCoO2,CC,0.4723,0.2116,79.75,32.6,0.04,0.9971,0.403,1.9043,0.2677,84.34,1.595,Degraded
External,NASA_B0007,B0007,95,LiCoO2,CC,0.4718,0.2119,79.52,32.52,0.04,0.9971,0.4035,1.904,0.2714,84.1,1.5904,Degraded
External,NASA_B0007,B0007,96,LiCoO2,CC,0.4719,0.2123,79.27,32.58,0.04,1.0,0.4044,1.9037,0.2705,83.83,1.5854,Degraded
External,NASA_B0007,B0007,97,LiCoO2,CC,0.4731,0.2201,79.0,32.63,0.04,0.9979,0.4177,1.8977,0.2692,83.55,1.58,Degraded
External,NASA_B0007,B0007,98,LiCoO2,CC,0.4726,0.2204,78.76,32.65,0.04,0.9976,0.4182,1.8973,0.2691,83.3,1.5752,Degraded
External,NASA_B0007,B0007,99,LiCoO2,CC,0.4719,0.2207,78.49,32.65,0.04,0.9972,0.4188,1.897,0.2689,83.01,1.5698,Degraded
External,NASA_B0007,B0007,100,LiCoO2,CC,0.4745,0.2283,78.51,32.7,0.04,0.9984,0.4319,1.8909,0.2655,83.04,1.5703,Degraded
External,NASA_B0007,B0007,101,LiCoO2,CC,0.4714,0.2211,78.26,32.72,0.04,0.997,0.4194,1.8969,0.2781,82.77,1.5652,Degraded
External,NASA_B0007,B0007,102,LiCoO2,CC,0.4708,0.2214,77.98,32.7,0.04,0.9971,0.4199,1.8965,0.2734,82.47,1.5596,Degraded
External,NASA_B0007,B0007,103,LiCoO2,CC,0.4713,0.2212,78.25,32.74,0.04,0.9966,0.4197,1.8968,0.2728,82.76,1.565,Degraded
External,NASA_B0007,B0007,104,LiCoO2,CC,0.4705,0.213,78.75,33.39,0.04,0.9985,0.4053,1.9032,0.2757,83.29,1.575,Degraded
External,NASA_B0007,B0007,105,LiCoO2,CC,0.4702,0.2136,78.26,33.27,0.04,1.002,0.4066,1.9029,0.2794,82.77,1.5653,Degraded
External,NASA_B0007,B0007,106,LiCoO2,CC,0.4716,0.2219,77.99,33.12,0.04,1.0002,0.4207,1.8963,0.2672,82.48,1.5598,Degraded
External,NASA_B0007,B0007,107,LiCoO2,CC,0.4663,0.2069,77.49,32.91,0.04,1.0026,0.3949,1.9084,0.28,81.96,1.5499,Degraded
External,NASA_B0007,B0007,108,LiCoO2,CC,0.4714,0.2299,77.19,32.95,0.04,0.9973,0.4344,1.8898,0.2689,81.64,1.5439,Degraded
External,NASA_B0007,B0007,109,LiCoO2,CC,0.4693,0.2226,77.25,33.23,0.04,0.9969,0.422,1.8959,0.276,81.7,1.545,Degraded
External,NASA_B0007,B0007,110,LiCoO2,CC,0.4716,0.2304,77.23,33.36,0.04,0.9973,0.4354,1.8894,0.2691,81.68,1.5446,Degraded
External,NASA_B0007,B0007,111,LiCoO2,CC,0.471,0.2307,76.72,33.12,0.04,1.0002,0.4358,1.8889,0.2725,81.14,1.5343,Degraded
External,NASA_B0007,B0007,112,LiCoO2,CC,0.47,0.231,76.44,32.99,0.04,0.9982,0.4363,1.8885,0.2715,80.84,1.5288,Degraded
External,NASA_B0007,B0007,113,LiCoO2,CC,0.4698,0.2311,76.45,33.23,0.04,0.9968,0.4365,1.8888,0.2745,80.85,1.5289,Degraded
External,NASA_B0007,B0007,114,LiCoO2,CC,0.47,0.2311,76.45,33.51,0.04,0.9976,0.4366,1.8888,0.2818,80.86,1.5291,Degraded
External,NASA_B0007,B0007,115,LiCoO2,CC,0.4701,0.2315,76.2,33.38,0.04,1.0005,0.4371,1.8882,0.279,80.59,1.5239,Degraded
External,NASA_B0007,B0007,116,LiCoO2,CC,0.4689,0.2319,75.93,33.18,0.04,0.9976,0.4379,1.8879,0.2761,80.31,1.5187,Degraded
External,NASA_B0007,B0007,117,LiCoO2,CC,0.4684,0.2322,75.68,33.02,0.04,0.9976,0.4384,1.8878,0.2758,80.04,1.5136,Degraded
External,NASA_B0007,B0007,118,LiCoO2,CC,0.4684,0.2323,75.68,33.27,0.04,0.9975,0.4385,1.8878,0.2775,80.04,1.5136,Degraded
External,NASA_B0007,B0007,119,LiCoO2,CC,0.4683,0.2322,75.7,33.62,0.04,0.9972,0.4384,1.8877,0.2799,80.06,1.5139,Degraded
External,NASA_B0007,B0007,120,LiCoO2,CC,0.4658,0.2158,76.7,33.3,0.04,0.9968,0.4102,1.901,0.2806,81.12,1.534,Degraded
External,NASA_B0007,B0007,121,LiCoO2,CC,0.4697,0.2233,76.96,33.39,0.04,1.0014,0.4233,1.8951,0.269,81.39,1.5391,Degraded
External,NASA_B0007,B0007,122,LiCoO2,CC,0.4671,0.2241,76.18,33.14,0.04,0.9972,0.4245,1.8942,0.2796,80.57,1.5236,Degraded
External,NASA_B0007,B0007,123,LiCoO2,CC,0.4682,0.2322,75.68,32.84,0.04,0.9968,0.4383,1.8875,0.2735,80.04,1.5136,Degraded
External,NASA_B0007,B0007,124,LiCoO2,CC,0.4677,0.2326,75.39,32.76,0.04,0.997,0.4391,1.8871,0.2729,79.73,1.5078,End_of_Life
External,NASA_B0007,B0007,125,LiCoO2,CC,0.4694,0.2402,75.16,32.77,0.04,0.9972,0.4519,1.8808,0.2729,79.49,1.5032,End_of_Life
External,NASA_B0007,B0007,126,LiCoO2,CC,0.4665,0.2334,74.89,32.72,0.04,0.9964,0.4403,1.8864,0.2711,79.21,1.4978,End_of_Life
External,NASA_B0007,B0007,127,LiCoO2,CC,0.4683,0.241,74.64,32.71,0.04,0.9971,0.4533,1.88,0.2704,78.94,1.4928,End_of_Life
External,NASA_B0007,B0007,128,LiCoO2,CC,0.4704,0.2485,74.62,32.62,0.04,0.9967,0.4655,1.8734,0.269,78.92,1.4924,End_of_Life
External,NASA_B0007,B0007,129,LiCoO2,CC,0.4678,0.2414,74.37,32.58,0.04,0.9972,0.4538,1.8797,0.2806,78.66,1.4875,End_of_Life
External,NASA_B0007,B0007,130,LiCoO2,CC,0.4672,0.2419,74.13,32.58,0.04,0.9964,0.4545,1.8791,0.2757,78.4,1.4825,End_of_Life
External,NASA_B0007,B0007,131,LiCoO2,CC,0.4696,0.2494,74.14,32.62,0.04,0.9972,0.4671,1.8729,0.2702,78.41,1.4828,End_of_Life
External,NASA_B0007,B0007,132,LiCoO2,CC,0.4688,0.2493,73.85,32.59,0.04,0.9972,0.4668,1.8727,0.2786,78.1,1.477,End_of_Life
External,NASA_B0007,B0007,133,LiCoO2,CC,0.4692,0.2489,74.1,32.86,0.04,0.9963,0.4662,1.8728,0.271,78.36,1.4819,End_of_Life
External,NASA_B0007,B0007,134,LiCoO2,CC,0.4689,0.2411,74.91,33.08,0.04,0.9967,0.4533,1.8801,0.2717,79.22,1.4981,End_of_Life
External,NASA_B0007,B0007,135,LiCoO2,CC,0.4693,0.2489,74.1,32.93,0.04,0.9967,0.4664,1.8731,0.2744,78.37,1.4821,End_of_Life
External,NASA_B0007,B0007,136,LiCoO2,CC,0.4688,0.2493,73.86,32.76,0.04,0.9966,0.467,1.8726,0.2819,78.11,1.4771,End_of_Life
External,NASA_B0007,B0007,137,LiCoO2,CC,0.4685,0.2497,73.6,32.53,0.04,0.9978,0.4676,1.8725,0.2821,77.84,1.4721,End_of_Life
External,NASA_B0007,B0007,138,LiCoO2,CC,0.4705,0.2571,73.61,32.85,0.04,0.9968,0.4798,1.866,0.2703,77.85,1.4722,End_of_Life
External,NASA_B0007,B0007,139,LiCoO2,CC,0.4698,0.257,73.35,33.07,0.04,0.9965,0.4796,1.8658,0.276,77.58,1.467,End_of_Life
External,NASA_B0007,B0007,140,LiCoO2,CC,0.4696,0.2574,73.09,32.85,0.04,0.9984,0.4804,1.8655,0.2747,77.3,1.4618,End_of_Life
External,NASA_B0007,B0007,141,LiCoO2,CC,0.4689,0.2579,72.83,32.57,0.04,0.997,0.4812,1.8652,0.2774,77.03,1.4567,End_of_Life
External,NASA_B0007,B0007,142,LiCoO2,CC,0.4703,0.265,72.57,32.45,0.04,0.9966,0.4926,1.8585,0.2735,76.75,1.4514,End_of_Life
External,NASA_B0007,B0007,143,LiCoO2,CC,0.4706,0.2651,72.58,32.74,0.04,0.9983,0.4929,1.8589,0.2741,76.76,1.4516,End_of_Life
External,NASA_B0007,B0007,144,LiCoO2,CC,0.4698,0.2656,72.34,32.78,0.04,0.9965,0.4936,1.8582,0.2707,76.51,1.4468,End_of_Life
External,NASA_B0007,B0007,145,LiCoO2,CC,0.4699,0.2655,72.34,32.58,0.04,0.9968,0.4934,1.8581,0.2833,76.51,1.4468,End_of_Life
External,NASA_B0007,B0007,146,LiCoO2,CC,0.4694,0.266,72.07,32.35,0.04,0.9972,0.4943,1.8577,0.2822,76.22,1.4414,End_of_Life
External,NASA_B0007,B0007,147,LiCoO2,CC,0.4708,0.273,71.81,32.29,0.04,0.9969,0.5055,1.8513,0.274,75.95,1.4362,End_of_Life
External,NASA_B0007,B0007,148,LiCoO2,CC,0.4709,0.273,71.84,32.6,0.04,0.9971,0.5055,1.8515,0.2783,75.98,1.4368,End_of_Life
External,NASA_B0007,B0007,149,LiCoO2,CC,0.4688,0.2664,71.81,32.61,0.04,0.9968,0.495,1.8575,0.2824,75.95,1.4363,End_of_Life
External,NASA_B0007,B0007,150,LiCoO2,CC,0.4694,0.266,72.09,32.27,0.04,0.9969,0.4943,1.8578,0.2819,76.25,1.4419,End_of_Life
External,NASA_B0007,B0007,151,LiCoO2,CC,0.4703,0.2575,73.36,32.64,0.04,0.9981,0.4805,1.8659,0.2704,77.59,1.4672,End_of_Life
External,NASA_B0007,B0007,152,LiCoO2,CC,0.4683,0.2583,72.59,32.67,0.04,0.9967,0.4817,1.8648,0.2802,76.78,1.4519,End_of_Life
External,NASA_B0007,B0007,153,LiCoO2,CC,0.4701,0.266,72.36,32.5,0.04,0.9968,0.4944,1.8579,0.2695,76.53,1.4471,End_of_Life
External,NASA_B0007,B0007,154,LiCoO2,CC,0.4715,0.273,72.09,32.45,0.04,0.9968,0.5056,1.8512,0.2699,76.24,1.4418,End_of_Life
External,NASA_B0007,B0007,155,LiCoO2,CC,0.4704,0.2735,71.58,32.39,0.04,0.9967,0.5063,1.8509,0.2711,75.71,1.4316,End_of_Life
External,NASA_B0007,B0007,156,LiCoO2,CC,0.4704,0.2736,71.59,32.42,0.04,0.9967,0.5063,1.8509,0.2833,75.71,1.4318,End_of_Life
External,NASA_B0007,B0007,157,LiCoO2,CC,0.4699,0.274,71.31,32.4,0.04,0.997,0.5072,1.8504,0.2734,75.42,1.4263,End_of_Life
External,NASA_B0007,B0007,158,LiCoO2,CC,0.4719,0.281,71.3,32.36,0.04,0.9969,0.5181,1.8437,0.2695,75.41,1.4261,End_of_Life
External,NASA_B0007,B0007,159,LiCoO2,CC,0.4694,0.2745,71.06,32.38,0.04,0.9969,0.5079,1.8499,0.2802,75.16,1.4213,End_of_Life
External,NASA_B0007,B0007,160,LiCoO2,CC,0.4709,0.2814,70.82,32.43,0.04,0.997,0.5188,1.8433,0.2709,74.9,1.4163,End_of_Life
External,NASA_B0007,B0007,161,LiCoO2,CC,0.469,0.2751,70.83,32.49,0.04,0.9968,0.5088,1.8495,0.2832,74.91,1.4166,End_of_Life
External,NASA_B0007,B0007,162,LiCoO2,CC,0.4703,0.2821,70.54,32.52,0.04,0.9966,0.5199,1.8427,0.2718,74.61,1.4108,End_of_Life
External,NASA_B0007,B0007,163,LiCoO2,CC,0.4703,0.2819,70.55,32.48,0.04,0.9968,0.5196,1.8427,0.2815,74.61,1.411,End_of_Life
External,NASA_B0007,B0007,164,LiCoO2,CC,0.4699,0.2825,70.31,32.46,0.04,0.9966,0.5205,1.8423,0.2734,74.36,1.4062,End_of_Life
External,NASA_B0007,B0007,165,LiCoO2,CC,0.4698,0.2825,70.32,32.56,0.04,0.9965,0.5205,1.8423,0.2815,74.37,1.4063,End_of_Life
External,NASA_B0007,B0007,166,LiCoO2,CC,0.4716,0.2893,70.02,32.58,0.04,0.9988,0.5311,1.8356,0.2711,74.06,1.4005,End_of_Life
External,NASA_B0007,B0007,167,LiCoO2,CC,0.4674,0.268,71.09,32.82,0.04,0.9967,0.4974,1.8561,0.2816,75.18,1.4218,End_of_Life
External,NASA_B0007,B0007,168,LiCoO2,CC,0.4697,0.267,71.62,32.93,0.04,1.003,0.4959,1.8575,0.2747,75.75,1.4325,End_of_Life
External,NASA_B0018,B0018,1,LiCoO2,CC,0.4934,0.1675,92.75,31.77,0.04,1.0065,0.3276,1.9542,0.2356,100.0,1.855,Healthy
External,NASA_B0018,B0018,2,LiCoO2,CC,0.4947,0.1769,92.16,31.92,0.04,1.0063,0.3447,1.9475,0.2379,99.36,1.8432,Healthy
External,NASA_B0018,B0018,3,LiCoO2,CC,0.492,0.1694,91.98,31.32,0.04,1.0059,0.3309,1.9521,0.2373,99.17,1.8396,Healthy
External,NASA_B0018,B0018,4,LiCoO2,CC,0.4938,0.1787,91.53,30.82,0.04,1.0068,0.3479,1.9461,0.2367,98.69,1.8307,Healthy
External,NASA_B0018,B0018,5,LiCoO2,CC,0.4967,0.1872,91.64,31.95,0.04,1.0072,0.3635,1.9413,0.2394,98.8,1.8327,Healthy
External,NASA_B0018,B0018,6,LiCoO2,CC,0.4962,0.188,91.43,32.02,0.04,1.0062,0.365,1.9401,0.2411,98.57,1.8285,Healthy
External,NASA_B0018,B0018,7,LiCoO2,CC,0.498,0.1969,91.06,31.63,0.04,1.0065,0.3809,1.9336,0.2319,98.18,1.8212,Healthy
External,NASA_B0018,B0018,8,LiCoO2,CC,0.4987,0.1976,90.76,31.29,0.04,1.0127,0.3825,1.9333,0.236,97.85,1.8152,Healthy
External,NASA_B0018,B0018,9,LiCoO2,CC,0.4968,0.1987,90.21,31.11,0.04,1.0082,0.3841,1.9326,0.2368,97.27,1.8043,Healthy
External,NASA_B0018,B0018,10,LiCoO2,CC,0.4963,0.1902,91.16,31.13,0.04,1.0069,0.3691,1.9388,0.2398,98.28,1.8231,Healthy
External,NASA_B0018,B0018,11,LiCoO2,CC,0.4976,0.1993,90.61,31.51,0.04,1.0065,0.3852,1.932,0.2395,97.69,1.8121,Healthy
External,NASA_B0018,B0018,12,LiCoO2,CC,0.4992,0.208,90.23,31.31,0.04,1.0063,0.4009,1.9251,0.2364,97.29,1.8047,Healthy
External,NASA_B0018,B0018,13,LiCoO2,CC,0.5001,0.2167,89.54,30.89,0.04,1.006,0.416,1.9181,0.2315,96.54,1.7908,Healthy
External,NASA_B0018,B0018,14,LiCoO2,CC,0.4996,0.2177,89.17,30.54,0.04,1.0069,0.4177,1.9174,0.2322,96.14,1.7835,Healthy
External,NASA_B0018,B0018,15,LiCoO2,CC,0.4993,0.2181,89.05,30.83,0.04,1.0065,0.4185,1.9181,0.2398,96.01,1.7809,Healthy
External,NASA_B0018,B0018,16,LiCoO2,CC,0.5009,0.2267,88.56,31.45,0.04,1.0074,0.4334,1.9107,0.2411,95.48,1.7712,Healthy
External,NASA_B0018,B0018,17,LiCoO2,CC,0.5006,0.2274,88.43,31.52,0.04,1.0065,0.4345,1.9095,0.2385,95.34,1.7686,Healthy
External,NASA_B0018,B0018,18,LiCoO2,CC,0.5032,0.2427,87.68,31.11,0.04,1.0059,0.4608,1.8962,0.2321,94.54,1.7536,Healthy
External,NASA_B0018,B0018,19,LiCoO2,CC,0.5027,0.244,87.31,30.59,0.04,1.006,0.4629,1.895,0.2364,94.14,1.7462,Healthy
External,NASA_B0018,B0018,20,LiCoO2,CC,0.4997,0.2379,86.88,30.24,0.04,1.0057,0.4525,1.9003,0.2417,93.67,1.7377,Healthy
External,NASA_B0018,B0018,21,LiCoO2,CC,0.5015,0.246,86.58,30.1,0.04,1.0061,0.4662,1.8938,0.2353,93.34,1.7315,Healthy
External,NASA_B0018,B0018,22,LiCoO2,CC,0.5051,0.2675,85.43,30.25,0.04,1.0062,0.5017,1.8741,0.239,92.11,1.7086,Healthy
External,NASA_B0018,B0018,23,LiCoO2,CC,0.5038,0.262,85.57,30.21,0.04,1.0062,0.4927,1.8793,0.2359,92.26,1.7115,Healthy
External,NASA_B0018,B0018,24,LiCoO2,CC,0.5035,0.2629,85.38,30.13,0.04,1.0061,0.4939,1.8781,0.234,92.05,1.7075,Healthy
External,NASA_B0018,B0018,25,LiCoO2,CC,0.5019,0.2399,87.46,30.22,0.04,1.0063,0.456,1.8994,0.2386,94.3,1.7492,Healthy
External,NASA_B0018,B0018,26,LiCoO2,CC,0.5023,0.2481,86.64,30.98,0.04,1.0065,0.4698,1.8927,0.2435,93.41,1.7328,Healthy
External,NASA_B0018,B0018,27,LiCoO2,CC,0.5056,0.2633,86.11,31.42,0.04,1.0068,0.495,1.8785,0.2339,92.84,1.7222,Healthy
External,NASA_B0018,B0018,28,LiCoO2,CC,0.5069,0.2712,85.59,31.38,0.04,1.0079,0.5078,1.8709,0.236,92.28,1.7118,Healthy
External,NASA_B0018,B0018,29,LiCoO2,CC,0.5053,0.2722,84.96,31.17,0.04,1.0063,0.5096,1.8698,0.243,91.6,1.6993,Healthy
External,NASA_B0018,B0018,30,LiCoO2,CC,0.5071,0.2801,84.7,30.99,0.04,1.0064,0.5219,1.8624,0.2356,91.32,1.694,Healthy
External,NASA_B0018,B0018,31,LiCoO2,CC,0.5079,0.2879,84.1,31.06,0.04,1.0066,0.5344,1.8549,0.2349,90.67,1.6819,Healthy
External,NASA_B0018,B0018,32,LiCoO2,CC,0.5076,0.289,83.85,31.37,0.04,1.0066,0.536,1.854,0.2396,90.4,1.677,Healthy
External,NASA_B0018,B0018,33,LiCoO2,CC,0.5086,0.2968,83.28,31.56,0.04,1.0066,0.5482,1.8458,0.2391,89.79,1.6655,Degraded
External,NASA_B0018,B0018,34,LiCoO2,CC,0.5098,0.304,82.86,31.32,0.04,1.0071,0.5593,1.8384,0.239,89.34,1.6572,Degraded
External,NASA_B0018,B0018,35,LiCoO2,CC,0.507,0.299,82.41,31.1,0.04,1.0064,0.5514,1.8436,0.2425,88.85,1.6482,Degraded
External,NASA_B0018,B0018,36,LiCoO2,CC,0.5078,0.3053,81.94,30.99,0.04,1.0066,0.5614,1.8372,0.2502,88.34,1.6388,Degraded
External,NASA_B0018,B0018,37,LiCoO2,CC,0.5111,0.3207,81.38,30.97,0.04,1.007,0.5844,1.8213,0.2361,87.74,1.6276,Degraded
External,NASA_B0018,B0018,38,LiCoO2,CC,0.5086,0.3153,81.11,31.29,0.04,1.0063,0.5765,1.8272,0.248,87.45,1.6222,Degraded
External,NASA_B0018,B0018,39,LiCoO2,CC,0.5098,0.3226,80.7,31.41,0.04,1.0063,0.5873,1.8192,0.2487,87.01,1.614,Degraded
External,NASA_B0018,B0018,40,LiCoO2,CC,0.5027,0.2729,83.8,30.76,0.04,1.0066,0.5106,1.8695,0.2523,90.35,1.6761,Healthy
External,NASA_B0018,B0018,41,LiCoO2,CC,0.5081,0.3025,82.47,30.98,0.04,1.0061,0.5569,1.8399,0.238,88.91,1.6493,Degraded
External,NASA_B0018,B0018,42,LiCoO2,CC,0.5066,0.3041,81.62,30.8,0.04,1.0064,0.5596,1.8381,0.2476,88.0,1.6324,Degraded
External,NASA_B0018,B0018,43,LiCoO2,CC,0.507,0.3122,80.82,30.62,0.04,1.0065,0.5719,1.8298,0.2487,87.14,1.6164,Degraded
External,NASA_B0018,B0018,44,LiCoO2,CC,0.5088,0.3203,80.55,30.4,0.04,1.0068,0.5839,1.8212,0.2412,86.84,1.6109,Degraded
External,NASA_B0018,B0018,45,LiCoO2,CC,0.5072,0.3216,79.77,30.38,0.04,1.0065,0.5858,1.8201,0.2455,86.01,1.5955,Degraded
External,NASA_B0018,B0018,46,LiCoO2,CC,0.5015,0.2444,86.34,30.58,0.04,1.0117,0.4638,1.8953,0.2528,93.08,1.7267,Healthy
External,NASA_B0018,B0018,47,LiCoO2,CC,0.5018,0.2533,85.83,30.71,0.04,1.0063,0.4783,1.8869,0.2469,92.54,1.7166,Healthy
External,NASA_B0018,B0018,48,LiCoO2,CC,0.5018,0.2621,84.79,30.63,0.04,1.0058,0.4932,1.8789,0.242,91.42,1.6958,Healthy
External,NASA_B0018,B0018,49,LiCoO2,CC,0.5023,0.271,83.89,30.6,0.04,1.0063,0.5073,1.8706,0.2433,90.45,1.6778,Healthy
External,NASA_B0018,B0018,50,LiCoO2,CC,0.5048,0.2863,83.03,30.53,0.04,1.0067,0.5317,1.8563,0.2418,89.52,1.6607,Degraded
External,NASA_B0018,B0018,51,LiCoO2,CC,0.5035,0.2798,83.32,31.2,0.04,1.0065,0.5213,1.8626,0.2394,89.83,1.6664,Degraded
External,NASA_B0018,B0018,52,LiCoO2,CC,0.5015,0.2813,82.34,31.17,0.04,1.0063,0.524,1.8608,0.249,88.78,1.6468,Degraded
External,NASA_B0018,B0018,53,LiCoO2,CC,0.5069,0.3032,81.29,30.97,0.04,1.0134,0.5585,1.8387,0.2365,87.64,1.6258,Degraded
External,NASA_B0018,B0018,54,LiCoO2,CC,0.5023,0.2982,80.61,30.82,0.04,1.0066,0.5507,1.844,0.2487,86.91,1.6122,Degraded
External,NASA_B0018,B0018,55,LiCoO2,CC,0.5044,0.306,80.29,30.77,0.04,1.0093,0.5622,1.8364,0.2452,86.56,1.6057,Degraded
External,NASA_B0018,B0018,56,LiCoO2,CC,0.5037,0.2776,83.68,30.81,0.04,1.0062,0.5181,1.8648,0.2424,90.22,1.6736,Healthy
External,NASA_B0018,B0018,57,LiCoO2,CC,0.5019,0.2851,82.02,31.04,0.04,1.0065,0.5299,1.8574,0.2418,88.43,1.6404,Degraded
External,NASA_B0018,B0018,58,LiCoO2,CC,0.5011,0.2941,80.66,31.04,0.04,1.0063,0.544,1.8485,0.2483,86.97,1.6133,Degraded
External,NASA_B0018,B0018,59,LiCoO2,CC,0.5014,0.3031,79.6,30.96,0.04,1.0075,0.558,1.8393,0.248,85.83,1.5921,Degraded
External,NASA_B0018,B0018,60,LiCoO2,CC,0.5038,0.3115,79.33,30.84,0.04,1.0104,0.5707,1.8305,0.2418,85.53,1.5866,Degraded
External,NASA_B0018,B0018,61,LiCoO2,CC,0.5027,0.3128,79.0,30.8,0.04,1.0065,0.5724,1.8293,0.2424,85.18,1.5801,Degraded
External,NASA_B0018,B0018,62,LiCoO2,CC,0.5011,0.314,78.21,30.98,0.04,1.0068,0.5743,1.828,0.2501,84.32,1.5642,Degraded
External,NASA_B0018,B0018,63,LiCoO2,CC,0.5025,0.3224,77.78,30.97,0.04,1.0065,0.5868,1.8189,0.2429,83.86,1.5556,Degraded
External,NASA_B0018,B0018,64,LiCoO2,CC,0.5009,0.3238,77.01,30.98,0.04,1.0061,0.5889,1.8173,0.2476,83.03,1.5402,Degraded
External,NASA_B0018,B0018,65,LiCoO2,CC,0.5003,0.3252,76.61,30.9,0.04,1.0062,0.5909,1.8159,0.2481,82.6,1.5322,Degraded
External,NASA_B0018,B0018,66,LiCoO2,CC,0.4986,0.3193,76.58,30.82,0.04,1.0067,0.5822,1.8222,0.2513,82.57,1.5316,Degraded
External,NASA_B0018,B0018,67,LiCoO2,CC,0.5,0.328,76.11,30.73,0.04,1.0064,0.5953,1.8131,0.244,82.06,1.5223,Degraded
External,NASA_B0018,B0018,68,LiCoO2,CC,0.5003,0.3359,75.33,30.77,0.04,1.0059,0.6065,1.8046,0.2526,81.21,1.5065,Degraded
External,NASA_B0018,B0018,69,LiCoO2,CC,0.4982,0.3309,75.07,30.78,0.04,1.0063,0.5993,1.8101,0.2542,80.94,1.5014,Degraded
External,NASA_B0018,B0018,70,LiCoO2,CC,0.4977,0.3316,74.82,30.76,0.04,1.0061,0.6003,1.8092,0.2567,80.67,1.4964,Degraded
External,NASA_B0018,B0018,71,LiCoO2,CC,0.498,0.3142,76.67,30.91,0.04,1.0103,0.5754,1.8277,0.2524,82.66,1.5334,Degraded
External,NASA_B0018,B0018,72,LiCoO2,CC,0.4988,0.3235,76.19,31.23,0.04,1.0066,0.5884,1.8181,0.2479,82.15,1.5238,Degraded
External,NASA_B0018,B0018,73,LiCoO2,CC,0.4987,0.3323,75.06,31.26,0.04,1.0067,0.6017,1.8087,0.2563,80.93,1.5012,Degraded
External,NASA_B0018,B0018,74,LiCoO2,CC,0.4979,0.3339,74.62,31.18,0.04,1.0061,0.6035,1.8069,0.2518,80.45,1.4924,Degraded
External,NASA_B0018,B0018,75,LiCoO2,CC,0.4973,0.3354,74.17,31.0,0.04,1.0065,0.6057,1.8051,0.2509,79.96,1.4833,End_of_Life
External,NASA_B0018,B0018,76,LiCoO2,CC,0.4952,0.3293,74.04,30.98,0.04,1.0065,0.5969,1.8119,0.2528,79.82,1.4807,End_of_Life
External,NASA_B0018,B0018,77,LiCoO2,CC,0.497,0.3384,73.68,31.09,0.04,1.0064,0.6103,1.8023,0.248,79.43,1.4735,End_of_Life
External,NASA_B0018,B0018,78,LiCoO2,CC,0.4943,0.3316,73.4,31.34,0.04,1.0067,0.6003,1.8094,0.2581,79.14,1.468,End_of_Life
External,NASA_B0018,B0018,79,LiCoO2,CC,0.4956,0.34,72.9,31.23,0.04,1.0066,0.6124,1.8002,0.2587,78.6,1.4581,End_of_Life
External,NASA_B0018,B0018,80,LiCoO2,CC,0.4949,0.3415,72.39,31.04,0.04,1.0071,0.6146,1.7983,0.2577,78.05,1.4479,End_of_Life
External,NASA_B0018,B0018,81,LiCoO2,CC,0.4933,0.3347,72.64,30.81,0.04,1.0066,0.6047,1.8059,0.2562,78.32,1.4528,End_of_Life
External,NASA_B0018,B0018,82,LiCoO2,CC,0.4949,0.344,72.13,30.93,0.04,1.0069,0.6182,1.796,0.2513,77.76,1.4425,End_of_Life
External,NASA_B0018,B0018,83,LiCoO2,CC,0.4947,0.3447,71.96,31.22,0.04,1.0066,0.6189,1.7951,0.251,77.59,1.4393,End_of_Life
External,NASA_B0018,B0018,84,LiCoO2,CC,0.4936,0.3456,71.43,31.4,0.04,1.0066,0.6206,1.7942,0.2548,77.02,1.4286,End_of_Life
External,NASA_B0018,B0018,85,LiCoO2,CC,0.4956,0.3541,71.25,31.26,0.04,1.0062,0.6322,1.7843,0.2495,76.81,1.4249,End_of_Life
External,NASA_B0018,B0018,86,LiCoO2,CC,0.4933,0.3276,73.49,31.13,0.04,1.0068,0.5946,1.8138,0.2595,79.23,1.4698,End_of_Life
External,NASA_B0018,B0018,87,LiCoO2,CC,0.492,0.33,72.63,31.25,0.04,1.0074,0.5979,1.8111,0.2605,78.31,1.4526,End_of_Life
External,NASA_B0018,B0018,88,LiCoO2,CC,0.4935,0.3395,72.14,31.03,0.04,1.0063,0.6115,1.8008,0.2544,77.78,1.4428,End_of_Life
External,NASA_B0018,B0018,89,LiCoO2,CC,0.4921,0.3411,71.42,30.93,0.04,1.006,0.6139,1.7987,0.2639,77.0,1.4284,End_of_Life
External,NASA_B0018,B0018,90,LiCoO2,CC,0.4954,0.3576,70.77,30.67,0.04,1.0059,0.6371,1.7805,0.2494,76.3,1.4155,End_of_Life
External,NASA_B0018,B0018,91,LiCoO2,CC,0.4908,0.3249,72.73,31.23,0.04,1.0074,0.5905,1.8168,0.257,78.41,1.4546,End_of_Life
External,NASA_B0018,B0018,92,LiCoO2,CC,0.4925,0.342,71.42,31.39,0.04,1.0068,0.6152,1.7982,0.2594,77.0,1.4283,End_of_Life
External,NASA_B0018,B0018,93,LiCoO2,CC,0.492,0.3435,70.99,31.51,0.04,1.0072,0.6176,1.7966,0.26,76.53,1.4197,End_of_Life
External,NASA_B0018,B0018,94,LiCoO2,CC,0.4916,0.3444,70.78,31.55,0.04,1.0069,0.6186,1.7955,0.2614,76.31,1.4156,End_of_Life
External,NASA_B0018,B0018,95,LiCoO2,CC,0.4909,0.3461,70.28,31.39,0.04,1.007,0.6213,1.7939,0.2638,75.78,1.4057,End_of_Life
External,NASA_B0018,B0018,96,LiCoO2,CC,0.489,0.3389,70.42,31.39,0.04,1.0066,0.6107,1.8015,0.264,75.93,1.4084,End_of_Life
External,NASA_B0018,B0018,97,LiCoO2,CC,0.4904,0.3479,69.84,31.42,0.04,1.0073,0.6236,1.7916,0.2624,75.3,1.3969,End_of_Life
External,NASA_B0018,B0018,98,LiCoO2,CC,0.4926,0.3568,69.68,31.44,0.04,1.007,0.6362,1.7819,0.2544,75.12,1.3936,End_of_Life
External,NASA_B0018,B0018,99,LiCoO2,CC,0.4926,0.3588,69.47,31.54,0.04,1.0065,0.6388,1.7798,0.2545,74.9,1.3894,End_of_Life
External,NASA_B0018,B0018,100,LiCoO2,CC,0.4896,0.3533,68.93,31.53,0.04,1.0065,0.6312,1.7858,0.259,74.32,1.3786,End_of_Life
External,NASA_B0018,B0018,101,LiCoO2,CC,0.4922,0.3596,69.25,31.44,0.04,1.0062,0.6397,1.7785,0.2544,74.66,1.3849,End_of_Life
External,NASA_B0018,B0018,102,LiCoO2,CC,0.4909,0.3605,68.52,31.48,0.04,1.0071,0.6414,1.778,0.2634,73.87,1.3703,End_of_Life
External,NASA_B0018,B0018,103,LiCoO2,CC,0.4916,0.3615,68.67,31.58,0.04,1.0072,0.6426,1.7766,0.2569,74.03,1.3733,End_of_Life
External,NASA_B0018,B0018,104,LiCoO2,CC,0.4911,0.3624,68.4,31.65,0.04,1.0067,0.644,1.7755,0.2555,73.74,1.3679,End_of_Life
External,NASA_B0018,B0018,105,LiCoO2,CC,0.4899,0.3633,67.84,31.66,0.04,1.0067,0.6452,1.7744,0.2613,73.14,1.3567,End_of_Life
External,NASA_B0018,B0018,106,LiCoO2,CC,0.4905,0.3221,73.02,30.43,0.04,1.0064,0.5865,1.8198,0.2557,78.73,1.4604,End_of_Life
External,NASA_B0018,B0018,107,LiCoO2,CC,0.4926,0.3313,72.5,31.02,0.04,1.01,0.6003,1.8099,0.2576,78.17,1.4501,End_of_Life
External,NASA_B0018,B0018,108,LiCoO2,CC,0.4933,0.3406,71.91,31.39,0.04,1.0067,0.6133,1.7995,0.2555,77.53,1.4381,End_of_Life
External,NASA_B0018,B0018,109,LiCoO2,CC,0.4931,0.3436,71.42,31.25,0.04,1.0073,0.6173,1.796,0.2569,77.0,1.4284,End_of_Life
External,NASA_B0018,B0018,110,LiCoO2,CC,0.4913,0.344,70.74,31.05,0.04,1.0062,0.6183,1.7958,0.2539,76.27,1.4148,End_of_Life
External,NASA_B0018,B0018,111,LiCoO2,CC,0.492,0.3465,70.69,30.89,0.04,1.0066,0.6216,1.7931,0.2586,76.22,1.4139,End_of_Life
External,NASA_B0018,B0018,112,LiCoO2,CC,0.4924,0.3543,69.95,31.05,0.04,1.0065,0.6323,1.7845,0.2528,75.41,1.3989,End_of_Life
External,NASA_B0018,B0018,113,LiCoO2,CC,0.4903,0.3467,69.77,31.49,0.04,1.0095,0.622,1.7936,0.2624,75.22,1.3953,End_of_Life
External,NASA_B0018,B0018,114,LiCoO2,CC,0.4893,0.3477,69.5,31.94,0.04,1.0064,0.6234,1.7922,0.2614,74.93,1.39,End_of_Life
External,NASA_B0018,B0018,115,LiCoO2,CC,0.4917,0.3571,69.3,31.75,0.04,1.0065,0.6363,1.7811,0.255,74.72,1.386,End_of_Life
External,NASA_B0018,B0018,116,LiCoO2,CC,0.487,0.3409,69.41,31.31,0.04,1.0061,0.6136,1.7991,0.267,74.84,1.3882,End_of_Life
External,NASA_B0018,B0018,117,LiCoO2,CC,0.4887,0.3514,68.81,31.13,0.04,1.0061,0.6284,1.7874,0.2568,74.19,1.3762,End_of_Life
External,NASA_B0018,B0018,118,LiCoO2,CC,0.4875,0.3523,68.24,30.99,0.04,1.0062,0.63,1.7864,0.2643,73.57,1.3647,End_of_Life
External,NASA_B0018,B0018,119,LiCoO2,CC,0.4872,0.3533,67.95,30.9,0.04,1.0066,0.6309,1.7851,0.2639,73.26,1.359,End_of_Life
External,NASA_B0018,B0018,120,LiCoO2,CC,0.4874,0.3592,67.31,30.71,0.04,1.0066,0.6394,1.7785,0.2617,72.57,1.3462,End_of_Life
External,NASA_B0018,B0018,121,LiCoO2,CC,0.4891,0.3313,71.34,30.47,0.04,1.007,0.5999,1.8099,0.2591,76.92,1.4268,End_of_Life
External,NASA_B0018,B0018,122,LiCoO2,CC,0.4919,0.3496,70.32,30.94,0.04,1.0062,0.6259,1.7898,0.2572,75.82,1.4064,End_of_Life
External,NASA_B0018,B0018,123,LiCoO2,CC,0.4883,0.3427,69.67,31.11,0.04,1.0062,0.6163,1.7971,0.2645,75.12,1.3935,End_of_Life
External,NASA_B0018,B0018,124,LiCoO2,CC,0.4905,0.3523,69.41,31.04,0.04,1.0066,0.6298,1.7863,0.2559,74.84,1.3882,End_of_Life
External,NASA_B0018,B0018,125,LiCoO2,CC,0.4888,0.3542,68.51,30.97,0.04,1.0062,0.6325,1.7843,0.2597,73.86,1.3702,End_of_Life
External,NASA_B0018,B0018,126,LiCoO2,CC,0.4903,0.3542,68.98,30.94,0.04,1.0076,0.6326,1.7847,0.2567,74.38,1.3797,End_of_Life
External,NASA_B0018,B0018,127,LiCoO2,CC,0.4866,0.3469,68.43,31.3,0.04,1.0071,0.6236,1.7926,0.2675,73.78,1.3687,End_of_Life
External,NASA_B0018,B0018,128,LiCoO2,CC,0.4885,0.3562,68.14,31.82,0.04,1.0064,0.6351,1.7828,0.2641,73.46,1.3627,End_of_Life
External,NASA_B0018,B0018,129,LiCoO2,CC,0.4913,0.3648,68.17,32.0,0.04,1.0072,0.6472,1.7727,0.2539,73.5,1.3634,End_of_Life
External,NASA_B0018,B0018,130,LiCoO2,CC,0.4903,0.3669,67.59,31.74,0.04,1.0064,0.6499,1.77,0.2592,72.88,1.3519,End_of_Life
External,NASA_B0018,B0018,131,LiCoO2,CC,0.4856,0.3504,67.74,31.53,0.04,1.0059,0.6271,1.7886,0.2702,73.03,1.3548,End_of_Life
External,NASA_B0018,B0018,132,LiCoO2,CC,0.487,0.3602,67.05,31.28,0.04,1.0064,0.6407,1.7779,0.2634,72.29,1.3411,End_of_Life
External,NASA_B0025,B0025,1,LiCoO2,CC,1.1425,1.6627,92.35,33.13,0.04,2.014,1.7764,1.0683,0.277,100.0,1.847,Healthy
External,NASA_B0025,B0025,2,LiCoO2,CC,1.1425,1.662,92.43,32.85,0.04,2.0142,1.7765,1.0688,0.2748,100.0,1.8486,Healthy
External,NASA_B0025,B0025,3,LiCoO2,CC,1.1412,1.6581,92.36,33.07,0.04,2.0142,1.7781,1.0722,0.2776,100.0,1.8471,Healthy
External,NASA_B0025,B0025,4,LiCoO2,CC,1.1422,1.6607,92.45,33.13,0.04,2.0144,1.7774,1.0702,0.2644,100.0,1.849,Healthy
External,NASA_B0025,B0025,5,LiCoO2,CC,1.1407,1.6604,91.85,33.2,0.04,2.0148,1.7767,1.0699,0.2776,99.46,1.837,Healthy
External,NASA_B0025,B0025,6,LiCoO2,CC,1.141,1.6699,90.88,32.8,0.04,2.0141,1.7726,1.0613,0.2732,98.4,1.8175,Healthy
External,NASA_B0025,B0025,7,LiCoO2,CC,1.1407,1.6597,91.99,32.71,0.04,2.0142,1.777,1.0705,0.2838,99.61,1.8399,Healthy
External,NASA_B0025,B0025,8,LiCoO2,CC,1.142,1.6624,92.15,32.89,0.04,2.0143,1.7754,1.0678,0.2791,99.79,1.8431,Healthy
External,NASA_B0025,B0025,9,LiCoO2,CC,1.1436,1.6691,92.01,32.85,0.04,2.0144,1.7732,1.0623,0.2571,99.63,1.8402,Healthy
External,NASA_B0025,B0025,10,LiCoO2,CC,1.1421,1.6686,91.41,33.21,0.04,2.0149,1.7729,1.0623,0.264,98.98,1.8281,Healthy
External,NASA_B0025,B0025,11,LiCoO2,CC,1.1414,1.6683,91.27,32.55,0.04,2.0137,1.7727,1.0623,0.2743,98.83,1.8254,Healthy
External,NASA_B0025,B0025,12,LiCoO2,CC,1.1419,1.6716,91.07,32.96,0.04,2.0138,1.7716,1.0596,0.2606,98.61,1.8214,Healthy
External,NASA_B0025,B0025,13,LiCoO2,CC,1.1429,1.6709,91.52,33.31,0.04,2.0142,1.7719,1.0602,0.2587,99.1,1.8303,Healthy
External,NASA_B0025,B0025,14,LiCoO2,CC,1.1413,1.6704,90.88,33.28,0.04,2.0149,1.7717,1.0604,0.2627,98.4,1.8175,Healthy
External,NASA_B0025,B0025,15,LiCoO2,CC,1.1403,1.6703,90.55,33.13,0.04,2.0144,1.7717,1.0605,0.2625,98.04,1.8109,Healthy
External,NASA_B0025,B0025,16,LiCoO2,CC,1.14,1.6697,90.42,33.26,0.04,2.0154,1.7719,1.061,0.2618,97.9,1.8083,Healthy
External,NASA_B0025,B0025,17,LiCoO2,CC,1.1375,1.6688,89.64,33.46,0.04,2.014,1.7729,1.0621,0.2793,97.07,1.7928,Healthy
External,NASA_B0025,B0025,18,LiCoO2,CC,1.1387,1.6645,90.63,33.36,0.04,2.0139,1.774,1.0654,0.2869,98.13,1.8126,Healthy
External,NASA_B0025,B0025,19,LiCoO2,CC,1.1385,1.6656,90.39,33.2,0.04,2.0143,1.7735,1.0645,0.2814,97.88,1.8078,Healthy
External,NASA_B0025,B0025,20,LiCoO2,CC,1.1379,1.6652,90.24,33.11,0.04,2.0138,1.7736,1.0648,0.2802,97.71,1.8048,Healthy
External,NASA_B0025,B0025,21,LiCoO2,CC,1.1372,1.6648,90.03,32.87,0.04,2.0135,1.7736,1.0651,0.2774,97.48,1.8005,Healthy
External,NASA_B0025,B0025,22,LiCoO2,CC,1.1375,1.6682,89.71,32.89,0.04,2.0137,1.772,1.0619,0.2728,97.14,1.7942,Healthy
External,NASA_B0025,B0025,23,LiCoO2,CC,1.1404,1.6716,90.37,32.07,0.04,2.0149,1.7711,1.0591,0.2727,97.86,1.8074,Healthy
External,NASA_B0025,B0025,24,LiCoO2,CC,1.1368,1.6669,89.51,32.18,0.04,2.0145,1.7727,1.0631,0.2769,96.93,1.7903,Healthy
External,NASA_B0025,B0025,25,LiCoO2,CC,1.1373,1.6666,89.81,32.13,0.04,2.0141,1.7733,1.0636,0.2691,97.24,1.7961,Healthy
External,NASA_B0025,B0025,26,LiCoO2,CC,1.1365,1.6658,89.56,32.2,0.04,2.0142,1.7739,1.0646,0.2645,96.98,1.7912,Healthy
External,NASA_B0025,B0025,27,LiCoO2,CC,1.1372,1.6698,89.27,32.13,0.04,2.0154,1.7726,1.0612,0.2583,96.67,1.7855,Healthy
External,NASA_B0025,B0025,28,LiCoO2,CC,1.1344,1.669,88.39,32.17,0.04,2.0136,1.7725,1.0617,0.2832,95.71,1.7678,Healthy
External,NASA_B0026,B0026,1,LiCoO2,CC,1.1442,1.6824,90.66,32.76,0.04,2.014,1.7662,1.0497,0.267,100.0,1.8133,Healthy
External,NASA_B0026,B0026,2,LiCoO2,CC,1.1443,1.6816,90.75,32.56,0.04,2.0147,1.7663,1.0503,0.2629,100.0,1.815,Healthy
External,NASA_B0026,B0026,3,LiCoO2,CC,1.1449,1.6847,90.68,32.71,0.04,2.0139,1.7649,1.0476,0.246,100.0,1.8135,Healthy
External,NASA_B0026,B0026,4,LiCoO2,CC,1.1439,1.6806,90.76,32.89,0.04,2.0144,1.7668,1.0513,0.2599,100.0,1.8151,Healthy
External,NASA_B0026,B0026,5,LiCoO2,CC,1.1438,1.6804,90.71,32.89,0.04,2.0144,1.7669,1.0514,0.2573,100.0,1.8143,Healthy
External,NASA_B0026,B0026,6,LiCoO2,CC,1.1797,1.9784,69.32,31.61,0.04,2.0144,1.6183,0.8179,0.2319,76.46,1.3863,End_of_Life
External,NASA_B0026,B0026,7,LiCoO2,CC,1.144,1.6803,90.83,32.49,0.04,2.014,1.7668,1.0514,0.2759,100.0,1.8165,Healthy
External,NASA_B0026,B0026,8,LiCoO2,CC,1.1438,1.6828,90.43,32.63,0.04,2.0142,1.7656,1.0491,0.2623,99.74,1.8086,Healthy
External,NASA_B0026,B0026,9,LiCoO2,CC,1.1432,1.6827,90.25,32.65,0.04,2.0139,1.7657,1.0493,0.2581,99.54,1.8049,Healthy
External,NASA_B0026,B0026,10,LiCoO2,CC,1.1454,1.6893,90.25,32.95,0.04,2.0151,1.7622,1.0431,0.2481,99.54,1.8049,Healthy
External,NASA_B0026,B0026,11,LiCoO2,CC,1.148,1.7349,85.88,32.14,0.04,2.0139,1.7392,1.0024,0.2557,94.73,1.7177,Healthy
External,NASA_B0026,B0026,12,LiCoO2,CC,1.1448,1.6855,90.49,32.73,0.04,2.0144,1.7643,1.0466,0.253,99.81,1.8098,Healthy
External,NASA_B0026,B0026,13,LiCoO2,CC,1.1441,1.685,90.33,33.08,0.04,2.0138,1.7644,1.047,0.2475,99.63,1.8066,Healthy
External,NASA_B0026,B0026,14,LiCoO2,CC,1.1426,1.6847,89.69,33.07,0.04,2.0147,1.7643,1.0472,0.2573,98.93,1.7938,Healthy
External,NASA_B0026,B0026,15,LiCoO2,CC,1.1431,1.6842,89.97,32.9,0.04,2.0146,1.7646,1.0477,0.2503,99.23,1.7993,Healthy
External,NASA_B0026,B0026,16,LiCoO2,CC,1.1411,1.6841,89.21,33.04,0.04,2.0144,1.7648,1.0479,0.2521,98.4,1.7842,Healthy
External,NASA_B0026,B0026,17,LiCoO2,CC,1.1449,1.7396,84.09,33.29,0.04,2.0138,1.7372,0.9984,0.2694,92.76,1.6819,Healthy
External,NASA_B0026,B0026,18,LiCoO2,CC,1.1418,1.6796,90.04,33.32,0.04,2.0139,1.7677,1.0522,0.2618,99.31,1.8008,Healthy
External,NASA_B0026,B0026,19,LiCoO2,CC,1.1393,1.6727,89.8,33.25,0.04,2.0148,1.7709,1.0585,0.2723,99.05,1.796,Healthy
External,NASA_B0026,B0026,20,LiCoO2,CC,1.1387,1.6725,89.66,33.19,0.04,2.0141,1.7709,1.0587,0.2682,98.89,1.7931,Healthy
External,NASA_B0026,B0026,21,LiCoO2,CC,1.1397,1.6721,90.05,32.95,0.04,2.0147,1.7712,1.0592,0.2624,99.33,1.801,Healthy
External,NASA_B0026,B0026,22,LiCoO2,CC,1.1406,1.6832,89.12,32.98,0.04,2.0144,1.7658,1.0489,0.2435,98.3,1.7825,Healthy
External,NASA_B0026,B0026,23,LiCoO2,CC,1.1411,1.679,89.8,32.29,0.04,2.0144,1.7678,1.0527,0.2552,99.04,1.7959,Healthy
External,NASA_B0026,B0026,24,LiCoO2,CC,1.1374,1.6743,88.92,32.41,0.04,2.0141,1.7694,1.0566,0.2658,98.07,1.7783,Healthy
External,NASA_B0026,B0026,25,LiCoO2,CC,1.1369,1.674,88.59,32.4,0.04,2.0161,1.7692,1.0567,0.2627,97.71,1.7717,Healthy
External,NASA_B0026,B0026,26,LiCoO2,CC,1.1373,1.6732,88.95,32.48,0.04,2.0146,1.7696,1.0575,0.2568,98.12,1.7791,Healthy
External,NASA_B0026,B0026,27,LiCoO2,CC,1.1378,1.6773,88.67,32.4,0.04,2.0146,1.7678,1.0538,0.2536,97.8,1.7733,Healthy
External,NASA_B0026,B0026,28,LiCoO2,CC,1.1346,1.6688,88.44,32.53,0.04,2.0144,1.7729,1.0622,0.2836,97.55,1.7688,Healthy
External,NASA_B0027,B0027,1,LiCoO2,CC,1.1364,1.669,91.17,33.53,0.04,1.9892,1.7503,1.0486,0.2635,100.0,1.8233,Healthy
External,NASA_B0027,B0027,2,LiCoO2,CC,1.1349,1.6681,90.71,33.77,0.04,1.9884,1.7506,1.0494,0.2727,99.5,1.8142,Healthy
External,NASA_B0027,B0027,3,LiCoO2,CC,1.1356,1.6709,90.64,34.06,0.04,1.9884,1.7491,1.0467,0.2674,99.43,1.8129,Healthy
External,NASA_B0027,B0027,4,LiCoO2,CC,1.1345,1.6667,90.72,34.34,0.04,1.9885,1.7509,1.0505,0.2724,99.51,1.8144,Healthy
External,NASA_B0027,B0027,5,LiCoO2,CC,1.1343,1.667,90.64,34.39,0.04,1.9879,1.7506,1.0501,0.274,99.42,1.8128,Healthy
External,NASA_B0027,B0027,6,LiCoO2,CC,1.1328,1.6697,89.73,34.16,0.04,1.988,1.75,1.048,0.2724,98.43,1.7946,Healthy
External,NASA_B0027,B0027,7,LiCoO2,CC,1.1326,1.6594,90.83,33.65,0.04,1.9884,1.7552,1.0576,0.2746,99.63,1.8165,Healthy
External,NASA_B0027,B0027,8,LiCoO2,CC,1.1337,1.6617,90.99,33.99,0.04,1.9886,1.7533,1.0551,0.2729,99.81,1.8198,Healthy
External,NASA_B0027,B0027,9,LiCoO2,CC,1.1332,1.6613,90.85,34.12,0.04,1.9885,1.7537,1.0556,0.2763,99.65,1.817,Healthy
External,NASA_B0027,B0027,10,LiCoO2,CC,1.1315,1.661,90.24,34.52,0.04,1.9879,1.7537,1.0557,0.2776,98.98,1.8048,Healthy
External,NASA_B0027,B0027,11,LiCoO2,CC,1.1311,1.6608,90.11,33.92,0.04,1.9881,1.754,1.056,0.2806,98.84,1.8022,Healthy
External,NASA_B0027,B0027,12,LiCoO2,CC,1.1329,1.6636,90.5,34.2,0.04,1.9879,1.7522,1.0532,0.271,99.27,1.8101,Healthy
External,NASA_B0027,B0027,13,LiCoO2,CC,1.1319,1.6561,90.96,34.49,0.04,1.9882,1.7564,1.0604,0.2782,99.77,1.8192,Healthy
External,NASA_B0027,B0027,14,LiCoO2,CC,1.1323,1.6626,90.32,34.4,0.04,1.9885,1.7528,1.0541,0.2691,99.07,1.8063,Healthy
External,NASA_B0027,B0027,15,LiCoO2,CC,1.1308,1.6549,90.6,34.32,0.04,1.9892,1.7565,1.0613,0.2764,99.38,1.812,Healthy
External,NASA_B0027,B0027,16,LiCoO2,CC,1.1303,1.6544,90.46,34.45,0.04,1.9891,1.7567,1.0617,0.2749,99.23,1.8092,Healthy
External,NASA_B0027,B0027,17,LiCoO2,CC,1.1264,1.6535,89.1,34.74,0.04,1.988,1.7572,1.0625,0.2769,97.74,1.7821,Healthy
External,NASA_B0027,B0027,18,LiCoO2,CC,1.1291,1.6491,90.73,34.66,0.04,1.9879,1.7595,1.0667,0.2843,99.52,1.8146,Healthy
External,NASA_B0027,B0027,19,LiCoO2,CC,1.129,1.6502,90.46,34.48,0.04,1.9891,1.7592,1.0659,0.2794,99.22,1.8092,Healthy
External,NASA_B0027,B0027,20,LiCoO2,CC,1.1284,1.6498,90.33,34.46,0.04,1.988,1.7596,1.0663,0.2789,99.08,1.8066,Healthy
External,NASA_B0027,B0027,21,LiCoO2,CC,1.1278,1.6495,90.12,34.28,0.04,1.9885,1.7602,1.0669,0.2793,98.85,1.8024,Healthy
External,NASA_B0027,B0027,22,LiCoO2,CC,1.1279,1.6524,89.82,34.35,0.04,1.988,1.758,1.0637,0.2745,98.53,1.7964,Healthy
External,NASA_B0027,B0027,23,LiCoO2,CC,1.1304,1.6561,90.44,33.65,0.04,1.9872,1.7554,1.0597,0.2751,99.2,1.8088,Healthy
External,NASA_B0027,B0027,24,LiCoO2,CC,1.1269,1.6515,89.58,33.75,0.04,1.9878,1.7578,1.0641,0.2758,98.26,1.7916,Healthy
External,NASA_B0027,B0027,25,LiCoO2,CC,1.1261,1.6507,89.27,33.72,0.04,1.9884,1.7581,1.0647,0.2734,97.92,1.7853,Healthy
External,NASA_B0027,B0027,26,LiCoO2,CC,1.1268,1.6498,89.66,33.81,0.04,1.9886,1.7583,1.0656,0.2713,98.35,1.7932,Healthy
External,NASA_B0027,B0027,27,LiCoO2,CC,1.1247,1.6461,89.37,33.8,0.04,1.9873,1.7602,1.0691,0.2786,98.03,1.7873,Healthy
External,NASA_B0027,B0027,28,LiCoO2,CC,1.1221,1.6449,88.5,33.92,0.04,1.9866,1.7608,1.0702,0.2864,97.08,1.7701,Healthy
External,NASA_B0028,B0028,1,LiCoO2,CC,0.7359,0.9999,90.23,30.26,0.04,1.0018,0.9973,0.9972,0.2293,100.0,1.8047,Healthy
External,NASA_B0028,B0028,2,LiCoO2,CC,0.7355,0.9997,90.24,30.02,0.04,1.0003,0.997,0.9971,0.231,100.0,1.8048,Healthy
External,NASA_B0028,B0028,3,LiCoO2,CC,0.7348,0.9999,89.88,30.22,0.04,1.0009,0.9972,0.9972,0.2266,99.61,1.7976,Healthy
External,NASA_B0028,B0028,4,LiCoO2,CC,0.7341,0.9996,89.65,30.36,0.04,1.0007,0.9971,0.9974,0.2266,99.35,1.793,Healthy
External,NASA_B0028,B0028,5,LiCoO2,CC,0.7343,0.9999,89.6,30.38,0.04,1.0016,0.9977,0.9976,0.2273,99.29,1.7919,Healthy
External,NASA_B0028,B0028,6,LiCoO2,CC,0.732,1.0001,88.75,30.15,0.04,1.0002,0.9973,0.9969,0.2233,98.36,1.775,Healthy
External,NASA_B0028,B0028,7,LiCoO2,CC,0.7342,1.0002,89.6,29.94,0.04,1.0005,0.9971,0.9966,0.2218,99.3,1.792,Healthy
External,NASA_B0028,B0028,8,LiCoO2,CC,0.7341,0.9998,89.52,30.16,0.04,1.0016,0.9975,0.9976,0.222,99.21,1.7905,Healthy
External,NASA_B0028,B0028,9,LiCoO2,CC,0.7338,0.9997,89.34,30.19,0.04,1.0024,0.9971,0.9973,0.2235,99.01,1.7868,Healthy
External,NASA_B0028,B0028,10,LiCoO2,CC,0.7336,0.9995,89.36,30.56,0.04,1.0018,0.9973,0.9978,0.2261,99.03,1.7872,Healthy
External,NASA_B0028,B0028,11,LiCoO2,CC,0.7332,1.0,89.08,29.88,0.04,1.0025,0.9975,0.9973,0.2238,98.72,1.7816,Healthy
External,NASA_B0028,B0028,12,LiCoO2,CC,0.7338,0.9997,89.25,30.33,0.04,1.0035,0.9973,0.9974,0.2266,98.91,1.785,Healthy
External,NASA_B0028,B0028,13,LiCoO2,CC,0.7327,0.9996,89.02,30.68,0.04,1.0012,0.9969,0.9972,0.2271,98.65,1.7804,Healthy
External,NASA_B0028,B0028,14,LiCoO2,CC,0.7326,0.9995,88.95,30.62,0.04,1.0021,0.9975,0.9979,0.2283,98.57,1.7789,Healthy
External,NASA_B0028,B0028,15,LiCoO2,CC,0.7321,0.9995,88.69,30.48,0.04,1.0027,0.9974,0.9978,0.2286,98.29,1.7738,Healthy
External,NASA_B0028,B0028,16,LiCoO2,CC,0.7319,0.9996,88.48,30.6,0.04,1.0043,0.9974,0.9977,0.2271,98.06,1.7697,Healthy
External,NASA_B0028,B0028,17,LiCoO2,CC,0.7279,0.9999,87.04,31.1,0.04,1.0017,0.9975,0.9973,0.2206,96.46,1.7409,Healthy
External,NASA_B0028,B0028,18,LiCoO2,CC,0.7314,1.0001,88.24,30.94,0.04,1.0038,0.9975,0.9971,0.2219,97.79,1.7648,Healthy
External,NASA_B0028,B0028,19,LiCoO2,CC,0.7306,1.0,88.09,30.78,0.04,1.0018,0.9974,0.9972,0.225,97.62,1.7618,Healthy
External,NASA_B0028,B0028,20,LiCoO2,CC,0.7301,1.0001,87.89,30.71,0.04,1.0019,0.9975,0.9971,0.2249,97.4,1.7577,Healthy
External,NASA_B0028,B0028,21,LiCoO2,CC,0.7292,1.0001,87.6,30.48,0.04,1.001,0.9971,0.9967,0.225,97.08,1.7519,Healthy
External,NASA_B0028,B0028,22,LiCoO2,CC,0.7299,1.0001,87.61,30.55,0.04,1.0041,0.9973,0.997,0.2288,97.09,1.7521,Healthy
External,NASA_B0028,B0028,23,LiCoO2,CC,0.7303,1.0002,87.99,29.86,0.04,1.0016,0.9977,0.9972,0.2265,97.51,1.7598,Healthy
External,NASA_B0028,B0028,24,LiCoO2,CC,0.729,0.9999,87.42,29.93,0.04,1.0025,0.9978,0.9975,0.2256,96.88,1.7483,Healthy
External,NASA_B0028,B0028,25,LiCoO2,CC,0.7281,0.9998,87.06,29.89,0.04,1.0026,0.9977,0.9975,0.2239,96.48,1.7411,Healthy
External,NASA_B0028,B0028,26,LiCoO2,CC,0.7274,0.9997,86.82,29.97,0.04,1.0023,0.9975,0.9975,0.2249,96.22,1.7364,Healthy
External,NASA_B0028,B0028,27,LiCoO2,CC,0.7281,1.0,86.83,29.93,0.04,1.0053,0.9977,0.9975,0.23,96.23,1.7366,Healthy
External,NASA_B0028,B0028,28,LiCoO2,CC,0.7252,1.0002,85.86,30.03,0.04,1.0026,0.9978,0.9973,0.2196,95.15,1.7172,Healthy
External,NASA_B0029,B0029,1,LiCoO2,CC,0.8276,0.1094,84.88,51.63,0.72,2.0128,0.435,3.9754,0.2643,100.0,1.6975,Healthy
External,NASA_B0029,B0029,2,LiCoO2,CC,0.8579,0.1492,92.24,52.85,0.72,2.013,0.587,3.9343,0.2963,100.0,1.8447,Healthy
External,NASA_B0029,B0029,3,LiCoO2,CC,0.8559,0.1503,91.27,52.91,0.72,2.0132,0.5916,3.9333,0.2891,100.0,1.8254,Healthy
External,NASA_B0029,B0029,4,LiCoO2,CC,0.855,0.1512,90.79,52.9,0.72,2.0131,0.5948,3.9321,0.2928,100.0,1.8158,Healthy
External,NASA_B0029,B0029,5,LiCoO2,CC,0.8548,0.152,90.66,52.88,0.72,2.0128,0.5981,3.9316,0.285,100.0,1.8133,Healthy
External,NASA_B0029,B0029,6,LiCoO2,CC,0.8417,0.1075,90.76,52.76,0.72,2.0129,0.4278,3.9765,0.2814,100.0,1.8152,Healthy
External,NASA_B0029,B0029,7,LiCoO2,CC,0.8491,0.1325,90.72,52.79,0.72,2.0127,0.5238,3.9532,0.284,100.0,1.8143,Healthy
External,NASA_B0029,B0029,8,LiCoO2,CC,0.8478,0.1332,90.07,52.78,0.72,2.0131,0.5268,3.9521,0.2875,100.0,1.8013,Healthy
External,NASA_B0029,B0029,9,LiCoO2,CC,0.8463,0.134,89.41,52.75,0.72,2.013,0.5297,3.9516,0.2824,100.0,1.7882,Healthy
External,NASA_B0029,B0029,10,LiCoO2,CC,0.8451,0.1348,88.8,52.75,0.72,2.0132,0.533,3.9515,0.2779,100.0,1.7761,Healthy
External,NASA_B0029,B0029,11,LiCoO2,CC,0.8388,0.1099,89.26,52.76,0.72,2.0131,0.4369,3.9742,0.2935,100.0,1.7853,Healthy
External,NASA_B0029,B0029,12,LiCoO2,CC,0.8446,0.1354,88.49,52.81,0.72,2.0138,0.5349,3.9494,0.2965,100.0,1.7698,Healthy
External,NASA_B0029,B0029,13,LiCoO2,CC,0.8431,0.1362,87.83,52.8,0.72,2.0132,0.538,3.9488,0.296,100.0,1.7565,Healthy
External,NASA_B0029,B0029,14,LiCoO2,CC,0.8431,0.137,87.72,52.77,0.72,2.0133,0.5411,3.9482,0.2883,100.0,1.7543,Healthy
External,NASA_B0029,B0029,15,LiCoO2,CC,0.8414,0.1376,86.96,52.8,0.72,2.0135,0.5432,3.9467,0.302,100.0,1.7393,Healthy
External,NASA_B0029,B0029,16,LiCoO2,CC,0.8385,0.1114,88.99,52.72,0.72,2.0132,0.4427,3.9737,0.2821,100.0,1.7798,Healthy
External,NASA_B0029,B0029,17,LiCoO2,CC,0.851,0.1586,88.29,52.77,0.72,2.0133,0.6224,3.9243,0.2795,100.0,1.7657,Healthy
External,NASA_B0029,B0029,18,LiCoO2,CC,0.8496,0.1596,87.62,52.8,0.72,2.0134,0.6261,3.9226,0.2853,100.0,1.7524,Healthy
External,NASA_B0029,B0029,19,LiCoO2,CC,0.8481,0.1606,86.9,52.76,0.72,2.0133,0.6301,3.922,0.2817,100.0,1.738,Healthy
External,NASA_B0029,B0029,20,LiCoO2,CC,0.8475,0.1612,86.56,52.79,0.72,2.0139,0.632,3.9206,0.2893,100.0,1.7312,Healthy
External,NASA_B0029,B0029,21,LiCoO2,CC,0.8418,0.1393,86.9,52.76,0.72,2.014,0.5496,3.9453,0.2985,100.0,1.7379,Healthy
External,NASA_B0029,B0029,22,LiCoO2,CC,0.8527,0.1813,86.12,52.87,0.72,2.0148,0.7065,3.8959,0.2759,100.0,1.7224,Healthy
External,NASA_B0029,B0029,23,LiCoO2,CC,0.8464,0.1629,85.92,52.88,0.72,2.0139,0.6383,3.9179,0.2973,100.0,1.7184,Healthy
External,NASA_B0029,B0029,24,LiCoO2,CC,0.8502,0.1831,85.05,52.89,0.72,2.0133,0.7132,3.893,0.2779,100.0,1.701,Healthy
External,NASA_B0029,B0029,25,LiCoO2,CC,0.8497,0.1838,84.68,52.86,0.72,2.014,0.7152,3.891,0.2845,99.78,1.6937,Healthy
External,NASA_B0029,B0029,26,LiCoO2,CC,0.852,0.1831,85.65,52.86,0.72,2.0145,0.7131,3.8931,0.2768,100.0,1.7131,Healthy
External,NASA_B0029,B0029,27,LiCoO2,CC,0.8503,0.1844,84.88,52.85,0.72,2.0137,0.7176,3.8907,0.2835,100.0,1.6977,Healthy
External,NASA_B0029,B0029,28,LiCoO2,CC,0.8495,0.1852,84.5,52.82,0.72,2.0133,0.7204,3.888,0.3005,99.55,1.6899,Healthy
External,NASA_B0029,B0029,29,LiCoO2,CC,0.8491,0.1863,84.25,52.82,0.72,2.0132,0.7245,3.8881,0.2794,99.26,1.685,Healthy
External,NASA_B0029,B0029,30,LiCoO2,CC,0.8487,0.1869,83.92,52.81,0.72,2.0139,0.7266,3.8868,0.281,98.87,1.6784,Healthy
External,NASA_B0029,B0029,31,LiCoO2,CC,0.8481,0.187,83.69,52.8,0.72,2.0137,0.7269,3.8857,0.2918,98.6,1.6738,Healthy
External,NASA_B0029,B0029,32,LiCoO2,CC,0.8532,0.2062,83.44,52.86,0.72,2.0136,0.7959,3.8585,0.2827,98.31,1.6688,Healthy
External,NASA_B0029,B0029,33,LiCoO2,CC,0.8511,0.2071,82.46,52.86,0.72,2.0141,0.7987,3.8566,0.2894,97.16,1.6493,Healthy
External,NASA_B0029,B0029,34,LiCoO2,CC,0.8501,0.2078,82.05,52.88,0.72,2.0132,0.8013,3.8555,0.2868,96.67,1.641,Healthy
External,NASA_B0029,B0029,35,LiCoO2,CC,0.851,0.2085,82.28,52.87,0.72,2.0139,0.8038,3.8556,0.2828,96.94,1.6456,Healthy
External,NASA_B0029,B0029,36,LiCoO2,CC,0.8519,0.2078,82.73,52.89,0.72,2.0134,0.8013,3.8549,0.2946,97.47,1.6545,Healthy
External,NASA_B0029,B0029,37,LiCoO2,CC,0.8564,0.226,82.31,52.91,0.72,2.0141,0.8651,3.828,0.2769,96.97,1.6461,Healthy
External,NASA_B0029,B0029,38,LiCoO2,CC,0.8492,0.2101,81.38,52.85,0.72,2.0135,0.8094,3.8519,0.2887,95.88,1.6275,Healthy
External,NASA_B0029,B0029,39,LiCoO2,CC,0.8484,0.2109,81.0,52.93,0.72,2.0134,0.8122,3.851,0.2902,95.44,1.6201,Healthy
External,NASA_B0029,B0029,40,LiCoO2,CC,0.8477,0.2117,80.6,52.92,0.72,2.0137,0.8148,3.8494,0.294,94.97,1.6121,Healthy
External,NASA_B0030,B0030,1,LiCoO2,CC,0.8472,0.1917,82.8,52.45,0.72,2.0132,0.7443,3.8811,0.2563,100.0,1.6561,Healthy
External,NASA_B0030,B0030,2,LiCoO2,CC,0.8811,0.252,89.08,54.11,0.72,2.0138,0.9535,3.7839,0.2608,100.0,1.7816,Healthy
External,NASA_B0030,B0030,3,LiCoO2,CC,0.8791,0.2541,88.1,54.16,0.72,2.0132,0.9607,3.78,0.2581,100.0,1.762,Healthy
External,NASA_B0030,B0030,4,LiCoO2,CC,0.8784,0.2557,87.59,54.21,0.72,2.0136,0.9658,3.7772,0.2649,100.0,1.7518,Healthy
External,NASA_B0030,B0030,5,LiCoO2,CC,0.8772,0.2572,86.91,54.2,0.72,2.0135,0.971,3.7744,0.2614,100.0,1.7382,Healthy
External,NASA_B0030,B0030,6,LiCoO2,CC,0.8671,0.2188,87.53,54.14,0.72,2.0134,0.8401,3.8402,0.2697,100.0,1.7507,Healthy
External,NASA_B0030,B0030,7,LiCoO2,CC,0.8713,0.2334,87.46,54.21,0.72,2.0133,0.8906,3.8162,0.271,100.0,1.7491,Healthy
External,NASA_B0030,B0030,8,LiCoO2,CC,0.8728,0.2482,86.26,54.19,0.72,2.0135,0.941,3.7906,0.2576,100.0,1.7253,Healthy
External,NASA_B0030,B0030,9,LiCoO2,CC,0.8715,0.2498,85.56,54.15,0.72,2.0134,0.9463,3.7879,0.2578,100.0,1.7113,Healthy
External,NASA_B0030,B0030,10,LiCoO2,CC,0.8706,0.2515,84.95,54.17,0.72,2.0138,0.9519,3.7852,0.2579,100.0,1.699,Healthy
External,NASA_B0030,B0030,11,LiCoO2,CC,0.8688,0.2378,85.93,54.22,0.72,2.0134,0.9056,3.8088,0.2617,100.0,1.7186,Healthy
External,NASA_B0030,B0030,12,LiCoO2,CC,0.8714,0.2523,85.16,54.24,0.72,2.0143,0.9545,3.7838,0.2636,100.0,1.7032,Healthy
External,NASA_B0030,B0030,13,LiCoO2,CC,0.8701,0.2539,84.47,54.24,0.72,2.0138,0.9599,3.781,0.2629,100.0,1.6895,Healthy
External,NASA_B0030,B0030,14,LiCoO2,CC,0.8689,0.2556,83.78,54.18,0.72,2.0141,0.9655,3.7778,0.2579,100.0,1.6756,Healthy
External,NASA_B0030,B0030,15,LiCoO2,CC,0.8688,0.2563,83.59,54.23,0.72,2.0146,0.9679,3.7765,0.2696,100.0,1.6718,Healthy
External,NASA_B0030,B0030,16,LiCoO2,CC,0.8617,0.2117,86.17,54.16,0.72,2.0138,0.8153,3.852,0.2732,100.0,1.7233,Healthy
External,NASA_B0030,B0030,17,LiCoO2,CC,0.869,0.2416,85.46,54.24,0.72,2.0141,0.9189,3.8026,0.2752,100.0,1.7092,Healthy
External,NASA_B0030,B0030,18,LiCoO2,CC,0.8705,0.2573,84.2,54.27,0.72,2.0143,0.9711,3.7748,0.2638,100.0,1.684,Healthy
External,NASA_B0030,B0030,19,LiCoO2,CC,0.8691,0.2589,83.45,54.24,0.72,2.014,0.9767,3.7717,0.2639,100.0,1.669,Healthy
External,NASA_B0030,B0030,20,LiCoO2,CC,0.8687,0.2598,83.1,54.32,0.72,2.0149,0.9796,3.7702,0.2771,100.0,1.6621,Healthy
External,NASA_B0030,B0030,21,LiCoO2,CC,0.8694,0.2598,83.44,54.28,0.72,2.0145,0.9796,3.7703,0.2583,100.0,1.6687,Healthy
External,NASA_B0030,B0030,22,LiCoO2,CC,0.8717,0.2743,82.64,54.35,0.72,2.0141,1.0269,3.7429,0.2621,99.8,1.6528,Healthy
External,NASA_B0030,B0030,23,LiCoO2,CC,0.8719,0.2763,82.42,54.37,0.72,2.0148,1.0333,3.7394,0.2582,99.54,1.6485,Healthy
External,NASA_B0030,B0030,24,LiCoO2,CC,0.8698,0.2772,81.54,54.38,0.72,2.0141,1.0361,3.7376,0.2669,98.47,1.6307,Healthy
External,NASA_B0030,B0030,25,LiCoO2,CC,0.8691,0.2782,81.16,54.37,0.72,2.0137,1.0392,3.7357,0.2665,98.02,1.6232,Healthy
External,NASA_B0030,B0030,26,LiCoO2,CC,0.8728,0.2773,82.71,54.36,0.72,2.0142,1.0363,3.7374,0.2561,99.89,1.6542,Healthy
External,NASA_B0030,B0030,27,LiCoO2,CC,0.8714,0.2792,81.93,54.33,0.72,2.014,1.0424,3.7338,0.2589,98.94,1.6385,Healthy
External,NASA_B0030,B0030,28,LiCoO2,CC,0.8693,0.2802,80.94,54.35,0.72,2.0144,1.0459,3.7319,0.2748,97.75,1.6188,Healthy
External,NASA_B0030,B0030,29,LiCoO2,CC,0.8692,0.2822,80.67,54.31,0.72,2.0145,1.0521,3.7279,0.2642,97.42,1.6134,Healthy
External,NASA_B0030,B0030,30,LiCoO2,CC,0.8686,0.2833,80.33,54.31,0.72,2.0141,1.0555,3.7259,0.262,97.02,1.6066,Healthy
External,NASA_B0030,B0030,31,LiCoO2,CC,0.8696,0.2832,80.69,54.32,0.72,2.0146,1.0552,3.7258,0.2646,97.45,1.6138,Healthy
External,NASA_B0030,B0030,32,LiCoO2,CC,0.8677,0.2843,79.82,54.38,0.72,2.0143,1.0586,3.7235,0.2788,96.39,1.5963,Healthy
External,NASA_B0030,B0030,33,LiCoO2,CC,0.8671,0.2854,79.45,54.41,0.72,2.0144,1.0621,3.721,0.2828,95.95,1.5891,Healthy
External,NASA_B0030,B0030,34,LiCoO2,CC,0.8663,0.2864,79.03,54.43,0.72,2.0138,1.0651,3.7189,0.2806,95.44,1.5805,Healthy
External,NASA_B0030,B0030,35,LiCoO2,CC,0.8672,0.2874,79.23,54.43,0.72,2.0143,1.0687,3.7178,0.268,95.69,1.5846,Healthy
External,NASA_B0030,B0030,36,LiCoO2,CC,0.8682,0.2864,79.68,54.41,0.72,2.0153,1.0653,3.7197,0.2687,96.23,1.5937,Healthy
External,NASA_B0030,B0030,37,LiCoO2,CC,0.8715,0.3014,79.25,54.42,0.72,2.0147,1.112,3.6896,0.2618,95.71,1.585,Healthy
External,NASA_B0030,B0030,38,LiCoO2,CC,0.867,0.2897,78.94,54.39,0.72,2.0139,1.0758,3.7134,0.2698,95.33,1.5787,Healthy
External,NASA_B0030,B0030,39,LiCoO2,CC,0.8663,0.2908,78.54,54.45,0.72,2.0136,1.0792,3.7113,0.2673,94.85,1.5707,Healthy
External,NASA_B0030,B0030,40,LiCoO2,CC,0.8656,0.2918,78.14,54.41,0.72,2.0138,1.0823,3.7092,0.2666,94.37,1.5628,Healthy
External,NASA_B0031,B0031,1,LiCoO2,CC,0.8436,0.1918,83.33,52.66,0.72,1.9884,0.7357,3.8334,0.2175,100.0,1.6667,Healthy
External,NASA_B0031,B0031,2,LiCoO2,CC,0.8619,0.1835,91.64,53.97,0.72,1.9888,0.7059,3.8451,0.2376,100.0,1.8329,Healthy
External,NASA_B0031,B0031,3,LiCoO2,CC,0.8551,0.1685,90.7,53.99,0.72,1.9889,0.6514,3.8651,0.2415,100.0,1.814,Healthy
External,NASA_B0031,B0031,4,LiCoO2,CC,0.8541,0.1695,90.22,54.0,0.72,1.9886,0.6548,3.8638,0.2396,100.0,1.8044,Healthy
External,NASA_B0031,B0031,5,LiCoO2,CC,0.8487,0.152,90.11,53.95,0.72,1.989,0.5907,3.885,0.2467,100.0,1.8021,Healthy
External,NASA_B0031,B0031,6,LiCoO2,CC,0.8556,0.1884,88.58,53.97,0.72,1.9884,0.7231,3.8381,0.2423,100.0,1.7716,Healthy
External,NASA_B0031,B0031,7,LiCoO2,CC,0.8442,0.1324,90.7,53.89,0.72,1.9886,0.5172,3.906,0.2378,100.0,1.814,Healthy
External,NASA_B0031,B0031,8,LiCoO2,CC,0.8428,0.1332,90.07,53.87,0.72,1.9885,0.5205,3.9054,0.2385,100.0,1.8013,Healthy
External,NASA_B0031,B0031,9,LiCoO2,CC,0.834,0.1091,89.42,53.82,0.72,1.9884,0.4285,3.928,0.2477,100.0,1.7884,Healthy
External,NASA_B0031,B0031,10,LiCoO2,CC,0.8329,0.1097,88.83,53.82,0.72,1.9896,0.431,3.9275,0.2423,100.0,1.7765,Healthy
External,NASA_B0031,B0031,11,LiCoO2,CC,0.834,0.1097,89.28,53.82,0.72,1.9892,0.4309,3.9272,0.2469,100.0,1.7856,Healthy
External,NASA_B0031,B0031,12,LiCoO2,CC,0.8334,0.1101,89.07,53.82,0.72,1.9886,0.4322,3.9269,0.2439,100.0,1.7814,Healthy
External,NASA_B0031,B0031,13,LiCoO2,CC,0.8321,0.1108,88.42,53.8,0.72,1.9888,0.4349,3.9265,0.2427,100.0,1.7685,Healthy
External,NASA_B0031,B0031,14,LiCoO2,CC,0.832,0.1114,88.33,53.76,0.72,1.9888,0.4373,3.9258,0.2385,100.0,1.7665,Healthy
External,NASA_B0031,B0031,15,LiCoO2,CC,0.8303,0.1117,87.59,53.79,0.72,1.9891,0.4386,3.9256,0.2441,100.0,1.7517,Healthy
External,NASA_B0031,B0031,16,LiCoO2,CC,0.848,0.1778,86.76,53.84,0.72,1.9889,0.6852,3.8526,0.2393,100.0,1.7352,Healthy
External,NASA_B0031,B0031,17,LiCoO2,CC,0.8334,0.1114,88.91,53.77,0.72,1.9884,0.4373,3.9258,0.2454,100.0,1.7783,Healthy
External,NASA_B0031,B0031,18,LiCoO2,CC,0.8319,0.1121,88.25,53.77,0.72,1.9885,0.44,3.925,0.2474,100.0,1.765,Healthy
External,NASA_B0031,B0031,19,LiCoO2,CC,0.832,0.1128,88.13,53.75,0.72,1.9893,0.4429,3.9245,0.2431,100.0,1.7626,Healthy
External,NASA_B0031,B0031,20,LiCoO2,CC,0.8299,0.1132,87.22,53.77,0.72,1.9895,0.4442,3.9241,0.2477,100.0,1.7443,Healthy
External,NASA_B0031,B0031,21,LiCoO2,CC,0.8321,0.1132,88.14,53.73,0.72,1.989,0.4443,3.9244,0.2395,100.0,1.7628,Healthy
External,NASA_B0031,B0031,22,LiCoO2,CC,0.8304,0.1136,87.39,53.78,0.72,1.989,0.4457,3.924,0.2493,100.0,1.7479,Healthy
External,NASA_B0031,B0031,23,LiCoO2,CC,0.8302,0.1143,87.21,53.78,0.72,1.9892,0.4485,3.9233,0.2435,100.0,1.7441,Healthy
External,NASA_B0031,B0031,24,LiCoO2,CC,0.8281,0.1146,86.34,53.75,0.72,1.9894,0.4498,3.9229,0.2495,100.0,1.7268,Healthy
External,NASA_B0031,B0031,25,LiCoO2,CC,0.8273,0.115,86.02,53.76,0.72,1.9888,0.4514,3.9227,0.2502,100.0,1.7203,Healthy
External,NASA_B0031,B0031,26,LiCoO2,CC,0.8299,0.1146,86.97,53.75,0.72,1.9903,0.4497,3.923,0.25,100.0,1.7394,Healthy
External,NASA_B0031,B0031,27,LiCoO2,CC,0.8296,0.1155,86.84,53.71,0.72,1.9896,0.4529,3.9227,0.2401,100.0,1.7367,Healthy
External,NASA_B0031,B0031,28,LiCoO2,CC,0.8272,0.1158,85.85,53.69,0.72,1.9892,0.4542,3.9221,0.2479,100.0,1.717,Healthy
External,NASA_B0031,B0031,29,LiCoO2,CC,0.8268,0.1166,85.64,53.62,0.72,1.9887,0.4575,3.9214,0.2394,100.0,1.7128,Healthy
External,NASA_B0031,B0031,30,LiCoO2,CC,0.8262,0.117,85.31,53.63,0.72,1.9892,0.4588,3.9211,0.2415,100.0,1.7061,Healthy
External,NASA_B0031,B0031,31,LiCoO2,CC,0.8271,0.117,85.69,53.64,0.72,1.989,0.4589,3.9209,0.2398,100.0,1.7137,Healthy
External,NASA_B0031,B0031,32,LiCoO2,CC,0.8268,0.1174,85.47,53.64,0.72,1.9895,0.4604,3.9208,0.2493,100.0,1.7093,Healthy
External,NASA_B0031,B0031,33,LiCoO2,CC,0.8245,0.1178,84.51,53.65,0.72,1.9895,0.4617,3.9203,0.2525,100.0,1.6901,Healthy
External,NASA_B0031,B0031,34,LiCoO2,CC,0.825,0.1182,84.73,53.65,0.72,1.9887,0.4634,3.9197,0.2501,100.0,1.6947,Healthy
External,NASA_B0031,B0031,35,LiCoO2,CC,0.8246,0.1186,84.35,53.65,0.72,1.9908,0.4649,3.9197,0.2471,100.0,1.687,Healthy
External,NASA_B0031,B0031,36,LiCoO2,CC,0.8253,0.1182,84.79,53.65,0.72,1.9892,0.4635,3.9197,0.2493,100.0,1.6957,Healthy
External,NASA_B0031,B0031,37,LiCoO2,CC,0.8245,0.1187,84.38,53.66,0.72,1.9896,0.4652,3.9194,0.2514,100.0,1.6877,Healthy
External,NASA_B0031,B0031,38,LiCoO2,CC,0.8241,0.1195,84.1,53.6,0.72,1.9899,0.4683,3.9187,0.24,100.0,1.682,Healthy
External,NASA_B0031,B0031,39,LiCoO2,CC,0.8232,0.1199,83.75,53.63,0.72,1.9892,0.47,3.9185,0.2412,100.0,1.675,Healthy
External,NASA_B0031,B0031,40,LiCoO2,CC,0.8223,0.1203,83.36,53.61,0.72,1.9888,0.4717,3.9182,0.2403,100.0,1.6673,Healthy
External,NASA_B0032,B0032,1,LiCoO2,CC,0.8392,0.1556,85.24,52.15,0.72,1.9971,0.6062,3.895,0.2045,100.0,1.7049,Healthy
External,NASA_B0032,B0032,2,LiCoO2,CC,0.8476,0.1048,94.7,53.5,0.72,1.9968,0.4139,3.9467,0.2217,100.0,1.894,Healthy
External,NASA_B0032,B0032,3,LiCoO2,CC,0.8455,0.1057,93.74,53.56,0.72,1.9972,0.417,3.946,0.2245,100.0,1.8748,Healthy
External,NASA_B0032,B0032,4,LiCoO2,CC,0.8443,0.1062,93.27,53.64,0.72,1.9964,0.4193,3.9454,0.2278,100.0,1.8655,Healthy
External,NASA_B0032,B0032,5,LiCoO2,CC,0.8431,0.1069,92.64,53.67,0.72,1.9974,0.4218,3.9451,0.2283,100.0,1.8527,Healthy
External,NASA_B0032,B0032,6,LiCoO2,CC,0.8422,0.1075,92.21,53.79,0.72,1.9972,0.4242,3.9442,0.2238,100.0,1.8442,Healthy
External,NASA_B0032,B0032,7,LiCoO2,CC,0.8421,0.1078,92.15,53.8,0.72,1.9971,0.4252,3.9441,0.2285,100.0,1.843,Healthy
External,NASA_B0032,B0032,8,LiCoO2,CC,0.8406,0.1084,91.51,53.86,0.72,1.9963,0.4277,3.9434,0.2297,100.0,1.8303,Healthy
External,NASA_B0032,B0032,9,LiCoO2,CC,0.8391,0.109,90.87,53.87,0.72,1.9963,0.4299,3.9432,0.2282,100.0,1.8174,Healthy
External,NASA_B0032,B0032,10,LiCoO2,CC,0.8381,0.1097,90.29,53.92,0.72,1.9971,0.4326,3.9428,0.2281,100.0,1.8058,Healthy
External,NASA_B0032,B0032,11,LiCoO2,CC,0.8391,0.1097,90.75,54.05,0.72,1.9966,0.4326,3.9427,0.2252,100.0,1.815,Healthy
External,NASA_B0032,B0032,12,LiCoO2,CC,0.8448,0.1352,89.98,54.07,0.72,1.9964,0.5298,3.9185,0.2262,100.0,1.7995,Healthy
External,NASA_B0032,B0032,13,LiCoO2,CC,0.8435,0.136,89.33,54.13,0.72,1.9968,0.5334,3.9178,0.2263,100.0,1.7867,Healthy
External,NASA_B0032,B0032,14,LiCoO2,CC,0.8421,0.1368,88.68,54.17,0.72,1.9967,0.5364,3.917,0.2259,100.0,1.7736,Healthy
External,NASA_B0032,B0032,15,LiCoO2,CC,0.8419,0.1373,88.5,54.23,0.72,1.997,0.538,3.9166,0.2269,100.0,1.77,Healthy
External,NASA_B0032,B0032,16,LiCoO2,CC,0.8378,0.1114,89.98,54.34,0.72,1.997,0.4394,3.9412,0.2285,100.0,1.7995,Healthy
External,NASA_B0032,B0032,17,LiCoO2,CC,0.8451,0.1369,89.84,54.34,0.72,1.9973,0.5363,3.9169,0.2311,100.0,1.7969,Healthy
External,NASA_B0032,B0032,18,LiCoO2,CC,0.8437,0.1377,89.19,54.38,0.72,1.997,0.5394,3.9161,0.2297,100.0,1.7838,Healthy
External,NASA_B0032,B0032,19,LiCoO2,CC,0.8425,0.1386,88.48,54.44,0.72,1.9983,0.5429,3.9151,0.2327,100.0,1.7696,Healthy
External,NASA_B0032,B0032,20,LiCoO2,CC,0.8468,0.1611,87.56,54.48,0.72,1.998,0.6266,3.8894,0.2256,100.0,1.7513,Healthy
External,NASA_B0032,B0032,21,LiCoO2,CC,0.8424,0.1391,88.49,54.52,0.72,1.9971,0.5447,3.9146,0.2289,100.0,1.7698,Healthy
External,NASA_B0032,B0032,22,LiCoO2,CC,0.8472,0.1616,87.74,54.64,0.72,1.9971,0.6285,3.8887,0.2315,100.0,1.7548,Healthy
External,NASA_B0032,B0032,23,LiCoO2,CC,0.8456,0.1627,86.95,54.63,0.72,1.9971,0.6324,3.8874,0.2291,100.0,1.7389,Healthy
External,NASA_B0032,B0032,24,LiCoO2,CC,0.845,0.1632,86.69,54.64,0.72,1.9969,0.6342,3.8868,0.2316,100.0,1.7337,Healthy
External,NASA_B0032,B0032,25,LiCoO2,CC,0.849,0.1837,85.75,54.71,0.72,1.9974,0.7093,3.8601,0.2284,100.0,1.7151,Healthy
External,NASA_B0032,B0032,26,LiCoO2,CC,0.8466,0.1632,87.31,54.74,0.72,1.9968,0.6344,3.8867,0.2319,100.0,1.7463,Healthy
External,NASA_B0032,B0032,27,LiCoO2,CC,0.8497,0.1843,85.96,54.73,0.72,1.9975,0.7115,3.8594,0.2282,100.0,1.7191,Healthy
External,NASA_B0032,B0032,28,LiCoO2,CC,0.8489,0.185,85.58,54.74,0.72,1.9975,0.714,3.8585,0.2291,100.0,1.7116,Healthy
External,NASA_B0032,B0032,29,LiCoO2,CC,0.8472,0.1862,84.76,54.74,0.72,1.9975,0.7185,3.8567,0.2332,99.43,1.6951,Healthy
External,NASA_B0032,B0032,30,LiCoO2,CC,0.842,0.1666,85.03,54.75,0.72,1.9972,0.6467,3.8828,0.2343,99.74,1.7005,Healthy
External,NASA_B0032,B0032,31,LiCoO2,CC,0.8428,0.1666,85.4,54.79,0.72,1.9967,0.6469,3.8826,0.231,100.0,1.7081,Healthy
External,NASA_B0032,B0032,32,LiCoO2,CC,0.8472,0.1876,84.57,54.78,0.72,1.9973,0.7231,3.855,0.2297,99.21,1.6914,Healthy
External,NASA_B0032,B0032,33,LiCoO2,CC,0.8465,0.1882,84.22,54.78,0.72,1.9975,0.7254,3.8541,0.232,98.8,1.6844,Healthy
External,NASA_B0032,B0032,34,LiCoO2,CC,0.8497,0.2077,83.2,54.85,0.72,1.9972,0.7945,3.8255,0.231,97.61,1.664,Healthy
External,NASA_B0032,B0032,35,LiCoO2,CC,0.8449,0.1895,83.43,54.84,0.72,1.9975,0.73,3.8522,0.2335,97.88,1.6686,Healthy
External,NASA_B0032,B0032,36,LiCoO2,CC,0.8473,0.1889,84.5,54.92,0.72,1.997,0.7278,3.8529,0.2358,99.12,1.6899,Healthy
External,NASA_B0032,B0032,37,LiCoO2,CC,0.8508,0.2084,83.47,54.9,0.72,1.9978,0.7974,3.8244,0.2341,97.92,1.6694,Healthy
External,NASA_B0032,B0032,38,LiCoO2,CC,0.8447,0.1909,83.17,54.85,0.72,1.9977,0.7351,3.8501,0.2362,97.57,1.6634,Healthy
External,NASA_B0032,B0032,39,LiCoO2,CC,0.848,0.2108,82.18,54.87,0.72,1.9967,0.8054,3.821,0.2313,96.41,1.6436,Healthy
External,NASA_B0032,B0032,40,LiCoO2,CC,0.8472,0.2115,81.79,54.92,0.72,1.9964,0.808,3.8197,0.2382,95.95,1.6358,Healthy
External,NASA_B0034,B0034,1,LiCoO2,CC,0.809,1.009,37.3,38.96,0.04,2.0154,2.0113,1.9934,0.3532,100.0,0.7459,Healthy
External,NASA_B0034,B0034,2,LiCoO2,CC,0.9261,1.0166,83.12,39.11,0.04,2.0167,2.0116,1.9788,0.291,100.0,1.6623,Healthy
External,NASA_B0034,B0034,3,LiCoO2,CC,0.9265,1.0255,82.25,39.21,0.04,2.016,2.011,1.961,0.3033,100.0,1.6451,Healthy
External,NASA_B0034,B0034,4,LiCoO2,CC,0.9272,1.0381,81.04,38.94,0.04,2.0159,2.0105,1.9367,0.3175,100.0,1.6207,Healthy
External,NASA_B0034,B0034,5,LiCoO2,CC,0.9251,1.0418,79.84,38.6,0.04,2.0148,2.0104,1.9297,0.3295,100.0,1.5967,Healthy
External,NASA_B0034,B0034,6,LiCoO2,CC,0.918,1.0646,74.28,37.79,0.04,2.0148,2.0079,1.8861,0.3574,100.0,1.4857,Healthy
External,NASA_B0034,B0034,7,LiCoO2,CC,0.9194,1.0685,74.33,37.65,0.04,2.0153,2.0075,1.8788,0.3592,100.0,1.4867,Healthy
External,NASA_B0034,B0034,8,LiCoO2,CC,0.9184,1.0719,73.51,37.92,0.04,2.0155,2.007,1.8724,0.3619,100.0,1.4701,Healthy
External,NASA_B0034,B0034,9,LiCoO2,CC,0.9187,1.0791,72.83,37.78,0.04,2.0146,2.0061,1.8591,0.365,100.0,1.4565,Healthy
External,NASA_B0034,B0034,10,LiCoO2,CC,0.9191,1.0863,72.09,37.58,0.04,2.0149,2.0049,1.8456,0.3646,100.0,1.4419,Healthy
External,NASA_B0034,B0034,11,LiCoO2,CC,0.9187,1.0869,71.85,37.55,0.04,2.0151,2.0048,1.8445,0.3686,100.0,1.4371,Healthy
External,NASA_B0034,B0034,12,LiCoO2,CC,0.9199,1.0873,72.29,37.68,0.04,2.0147,2.0046,1.8435,0.3636,100.0,1.4459,Healthy
External,NASA_B0034,B0034,13,LiCoO2,CC,0.9205,1.0949,71.61,37.44,0.04,2.0149,2.0034,1.8297,0.3629,100.0,1.4321,Healthy
External,NASA_B0034,B0034,14,LiCoO2,CC,0.9199,1.0955,71.34,37.4,0.04,2.0147,2.0033,1.8287,0.3649,100.0,1.4267,Healthy
External,NASA_B0034,B0034,15,LiCoO2,CC,0.9218,1.1032,71.15,37.26,0.04,2.015,2.0019,1.8147,0.3626,100.0,1.4231,Healthy
External,NASA_B0034,B0034,16,LiCoO2,CC,0.9253,1.1072,72.05,37.57,0.04,2.0151,2.0012,1.8075,0.3529,100.0,1.4409,Healthy
External,NASA_B0034,B0034,17,LiCoO2,CC,0.9279,1.0968,74.35,38.4,0.04,2.0151,2.0031,1.8263,0.3463,100.0,1.4869,Healthy
External,NASA_B0034,B0034,18,LiCoO2,CC,0.9304,1.0896,76.23,39.1,0.04,2.0149,2.0044,1.8395,0.336,100.0,1.5245,Healthy
External,NASA_B0034,B0034,19,LiCoO2,CC,0.9285,1.1088,73.15,37.8,0.04,2.015,2.001,1.8047,0.3469,100.0,1.4629,Healthy
External,NASA_B0034,B0034,20,LiCoO2,CC,0.925,1.1136,71.15,37.36,0.04,2.015,2.0,1.796,0.3569,100.0,1.4231,Healthy
External,NASA_B0034,B0034,21,LiCoO2,CC,0.9252,1.1218,70.26,37.06,0.04,2.0149,1.9983,1.7813,0.359,100.0,1.4051,Healthy
External,NASA_B0034,B0034,22,LiCoO2,CC,0.9277,1.0351,81.65,39.95,0.04,2.0152,2.0105,1.9422,0.2936,100.0,1.6329,Healthy
External,NASA_B0034,B0034,23,LiCoO2,CC,0.9313,1.0737,78.44,38.72,0.04,2.0155,2.0067,1.8689,0.3328,100.0,1.5687,Healthy
External,NASA_B0034,B0034,24,LiCoO2,CC,0.9291,1.089,75.75,38.13,0.04,2.0154,2.0044,1.8406,0.3467,100.0,1.515,Healthy
External,NASA_B0034,B0034,25,LiCoO2,CC,0.9297,1.1038,74.28,37.9,0.04,2.0146,2.0015,1.813,0.3473,100.0,1.4855,Healthy
External,NASA_B0034,B0034,26,LiCoO2,CC,0.9298,1.1051,74.04,38.07,0.04,2.0156,2.0016,1.8111,0.3519,100.0,1.4808,Healthy
External,NASA_B0034,B0034,27,LiCoO2,CC,0.9302,1.1058,74.2,38.24,0.04,2.0146,2.0014,1.8098,0.3489,100.0,1.484,Healthy
External,NASA_B0034,B0034,28,LiCoO2,CC,0.9325,1.1101,74.61,38.56,0.04,2.0148,2.0006,1.8021,0.3422,100.0,1.4922,Healthy
External,NASA_B0034,B0034,29,LiCoO2,CC,0.9304,1.1109,73.67,38.39,0.04,2.0151,2.0005,1.8008,0.348,100.0,1.4733,Healthy
External,NASA_B0034,B0034,30,LiCoO2,CC,0.9301,1.1232,72.08,37.91,0.04,2.0146,1.9981,1.7789,0.3531,100.0,1.4416,Healthy
External,NASA_B0034,B0034,31,LiCoO2,CC,0.9279,1.1238,71.13,37.79,0.04,2.0149,1.9977,1.7777,0.3601,100.0,1.4226,Healthy
External,NASA_B0034,B0034,32,LiCoO2,CC,0.9287,1.1248,71.33,37.87,0.04,2.0147,1.9976,1.7759,0.3536,100.0,1.4266,Healthy
External,NASA_B0034,B0034,33,LiCoO2,CC,0.9318,1.1214,72.98,38.33,0.04,2.0147,1.9984,1.782,0.3478,100.0,1.4597,Healthy
External,NASA_B0034,B0034,34,LiCoO2,CC,0.9307,1.1259,71.98,38.22,0.04,2.0149,1.9975,1.7741,0.3523,100.0,1.4396,Healthy
External,NASA_B0034,B0034,35,LiCoO2,CC,0.9308,1.1349,70.98,37.71,0.04,2.0144,1.9955,1.7582,0.3533,100.0,1.4196,Healthy
External,NASA_B0034,B0034,36,LiCoO2,CC,0.9289,1.1313,70.59,37.87,0.04,2.0152,1.9962,1.7645,0.3602,100.0,1.4118,Healthy
External,NASA_B0034,B0034,37,LiCoO2,CC,0.9283,1.1324,70.22,37.83,0.04,2.015,1.996,1.7625,0.3563,100.0,1.4044,Healthy
External,NASA_B0034,B0034,38,LiCoO2,CC,0.933,1.1196,73.68,39.27,0.04,2.0148,1.9988,1.7852,0.3408,100.0,1.4735,Healthy
External,NASA_B0034,B0034,39,LiCoO2,CC,0.9319,1.108,74.63,40.15,0.04,2.0149,2.0012,1.8061,0.3436,100.0,1.4927,Healthy
External,NASA_B0034,B0034,40,LiCoO2,CC,0.9333,1.117,74.1,39.44,0.04,2.0146,1.9995,1.79,0.3402,100.0,1.482,Healthy
External,NASA_B0034,B0034,41,LiCoO2,CC,0.9312,1.1345,71.18,38.3,0.04,2.0145,1.9956,1.7589,0.3489,100.0,1.4236,Healthy
External,NASA_B0034,B0034,42,LiCoO2,CC,0.9291,1.1356,70.19,38.0,0.04,2.0144,1.9953,1.757,0.354,100.0,1.4038,Healthy
External,NASA_B0034,B0034,43,LiCoO2,CC,0.9296,1.0818,76.82,39.66,0.04,2.0149,2.0053,1.8536,0.335,100.0,1.5363,Healthy
External,NASA_B0034,B0034,44,LiCoO2,CC,0.9315,1.0853,77.2,40.5,0.04,2.0146,2.0047,1.847,0.3354,100.0,1.544,Healthy
External,NASA_B0034,B0034,45,LiCoO2,CC,0.9332,1.1059,75.39,39.6,0.04,2.0146,2.0014,1.8097,0.3373,100.0,1.5079,Healthy
External,NASA_B0034,B0034,46,LiCoO2,CC,0.9497,1.0303,91.02,43.01,0.04,2.0156,2.0108,1.9517,0.2827,100.0,1.8203,Healthy
External,NASA_B0034,B0034,47,LiCoO2,CC,0.9262,1.0462,79.68,40.64,0.04,2.0157,2.0096,1.9209,0.3267,100.0,1.5937,Healthy
External,NASA_B0034,B0034,48,LiCoO2,CC,0.9257,1.07,76.65,39.64,0.04,2.0154,2.0069,1.8756,0.3458,100.0,1.5331,Healthy
External,NASA_B0034,B0034,49,LiCoO2,CC,0.926,1.0905,74.31,39.17,0.04,2.0152,2.0039,1.8376,0.3503,100.0,1.4862,Healthy
External,NASA_B0034,B0034,50,LiCoO2,CC,0.9281,1.0905,75.15,39.82,0.04,2.0156,2.0041,1.8377,0.3513,100.0,1.5029,Healthy
External,NASA_B0034,B0034,51,LiCoO2,CC,0.9291,1.0867,76.01,40.68,0.04,2.0153,2.0046,1.8448,0.3412,100.0,1.5202,Healthy
External,NASA_B0034,B0034,52,LiCoO2,CC,0.9296,1.0913,75.59,40.58,0.04,2.016,2.0041,1.8364,0.346,100.0,1.5118,Healthy
External,NASA_B0034,B0034,53,LiCoO2,CC,0.9288,1.1086,73.23,39.68,0.04,2.0159,2.0008,1.8049,0.3531,100.0,1.4646,Healthy
External,NASA_B0034,B0034,54,LiCoO2,CC,0.9288,1.1132,72.73,39.48,0.04,2.0154,1.9999,1.7965,0.3543,100.0,1.4546,Healthy
External,NASA_B0034,B0034,55,LiCoO2,CC,0.9276,1.1179,71.67,39.49,0.04,2.0154,1.9989,1.788,0.3594,100.0,1.4333,Healthy
External,NASA_B0034,B0034,56,LiCoO2,CC,0.9285,1.1144,72.47,39.85,0.04,2.0152,1.9998,1.7945,0.355,100.0,1.4493,Healthy
External,NASA_B0034,B0034,57,LiCoO2,CC,0.9317,1.1057,74.76,40.87,0.04,2.0157,2.0014,1.81,0.3475,100.0,1.4952,Healthy
External,NASA_B0034,B0034,58,LiCoO2,CC,0.9302,1.1105,73.6,40.56,0.04,2.0155,2.0006,1.8016,0.3516,100.0,1.4721,Healthy
External,NASA_B0034,B0034,59,LiCoO2,CC,0.9306,1.1376,70.49,38.99,0.04,2.0155,1.9947,1.7535,0.3568,100.0,1.4097,Healthy
External,NASA_B0034,B0034,60,LiCoO2,CC,0.9279,1.1388,69.31,38.72,0.04,2.0152,1.9944,1.7513,0.361,100.0,1.3862,Healthy
External,NASA_B0034,B0034,61,LiCoO2,CC,0.9267,1.1437,68.12,38.51,0.04,2.0165,1.993,1.7425,0.3644,100.0,1.3624,Healthy
External,NASA_B0034,B0034,62,LiCoO2,CC,0.9302,1.121,72.36,40.11,0.04,2.0152,1.9984,1.7827,0.3569,100.0,1.4471,Healthy
External,NASA_B0034,B0034,63,LiCoO2,CC,0.9328,1.1259,72.77,40.84,0.04,2.0158,1.9974,1.7741,0.3436,100.0,1.4554,Healthy
External,NASA_B0034,B0034,64,LiCoO2,CC,0.93,1.122,72.12,40.35,0.04,2.0155,1.9983,1.781,0.3544,100.0,1.4424,Healthy
External,NASA_B0034,B0034,65,LiCoO2,CC,0.9276,1.1412,68.88,38.96,0.04,2.0153,1.9939,1.7472,0.3641,100.0,1.3775,Healthy
External,NASA_B0034,B0034,66,LiCoO2,CC,0.9263,1.1464,67.7,38.74,0.04,2.0154,1.9926,1.7381,0.369,100.0,1.354,Healthy
External,NASA_B0034,B0034,67,LiCoO2,CC,0.9269,1.0664,77.55,40.23,0.04,2.0156,2.0074,1.8824,0.3334,100.0,1.5509,Healthy
External,NASA_B0034,B0034,68,LiCoO2,CC,0.9324,1.0826,77.81,40.93,0.04,2.0157,2.0054,1.8524,0.3324,100.0,1.5563,Healthy
External,NASA_B0034,B0034,69,LiCoO2,CC,0.9305,1.0967,75.34,39.99,0.04,2.0157,2.0032,1.8265,0.3462,100.0,1.5068,Healthy
External,NASA_B0034,B0034,70,LiCoO2,CC,0.9282,1.1153,72.21,39.1,0.04,2.0155,1.9997,1.793,0.3592,100.0,1.4441,Healthy
External,NASA_B0034,B0034,71,LiCoO2,CC,0.9288,1.1294,70.72,38.64,0.04,2.0157,1.9967,1.768,0.3584,100.0,1.4144,Healthy
External,NASA_B0034,B0034,72,LiCoO2,CC,0.927,1.1342,69.49,38.46,0.04,2.0152,1.9959,1.7593,0.3629,100.0,1.3898,Healthy
External,NASA_B0034,B0034,73,LiCoO2,CC,0.9292,1.1162,72.5,39.99,0.04,2.0154,1.9995,1.7914,0.3552,100.0,1.45,Healthy
External,NASA_B0034,B0034,74,LiCoO2,CC,0.9316,1.1163,73.39,40.84,0.04,2.0163,1.9996,1.7913,0.3469,100.0,1.4679,Healthy
External,NASA_B0034,B0034,75,LiCoO2,CC,0.9298,1.1263,71.45,39.64,0.04,2.0166,1.9974,1.7734,0.3604,100.0,1.4291,Healthy
External,NASA_B0034,B0034,76,LiCoO2,CC,0.9275,1.141,68.84,38.82,0.04,2.0156,1.9941,1.7477,0.3703,100.0,1.3767,Healthy
External,NASA_B0034,B0034,77,LiCoO2,CC,0.9276,1.1518,67.58,38.28,0.04,2.0156,1.9916,1.7291,0.3659,100.0,1.3516,Healthy
External,NASA_B0034,B0034,78,LiCoO2,CC,0.9279,1.1517,67.7,38.31,0.04,2.0157,1.9915,1.7291,0.3656,100.0,1.354,Healthy
External,NASA_B0034,B0034,79,LiCoO2,CC,0.9271,1.1477,67.89,38.5,0.04,2.0155,1.9926,1.7361,0.3674,100.0,1.3577,Healthy
External,NASA_B0034,B0034,80,LiCoO2,CC,0.9258,1.1532,66.71,38.26,0.04,2.0154,1.9912,1.7267,0.374,100.0,1.3342,Healthy
External,NASA_B0034,B0034,81,LiCoO2,CC,0.9278,1.1586,66.86,38.29,0.04,2.0156,1.9895,1.7172,0.366,100.0,1.3372,Healthy
External,NASA_B0034,B0034,82,LiCoO2,CC,0.9269,1.1545,66.95,38.19,0.04,2.016,1.9908,1.7244,0.3684,100.0,1.339,Healthy
External,NASA_B0034,B0034,83,LiCoO2,CC,0.9262,1.1503,67.2,38.33,0.04,2.0155,1.9917,1.7314,0.3735,100.0,1.3439,Healthy
External,NASA_B0034,B0034,84,LiCoO2,CC,0.9264,1.1503,67.27,38.33,0.04,2.0156,1.9919,1.7316,0.374,100.0,1.3455,Healthy
External,NASA_B0034,B0034,85,LiCoO2,CC,0.9284,1.156,67.41,38.25,0.04,2.0154,1.9906,1.7219,0.3675,100.0,1.3482,Healthy
External,NASA_B0034,B0034,86,LiCoO2,CC,0.9259,1.1518,66.87,38.26,0.04,2.0158,1.9915,1.729,0.3759,100.0,1.3373,Healthy
External,NASA_B0034,B0034,87,LiCoO2,CC,0.925,1.1475,67.01,38.48,0.04,2.0159,1.9924,1.7364,0.3751,100.0,1.3403,Healthy
External,NASA_B0034,B0034,88,LiCoO2,CC,0.9264,1.1575,66.45,38.21,0.04,2.0153,1.9901,1.7192,0.3724,100.0,1.3291,Healthy
External,NASA_B0034,B0034,89,LiCoO2,CC,0.9257,1.1533,66.62,38.38,0.04,2.0158,1.9912,1.7266,0.3737,100.0,1.3323,Healthy
External,NASA_B0034,B0034,90,LiCoO2,CC,0.9278,1.1532,67.51,38.85,0.04,2.0156,1.9912,1.7267,0.3644,100.0,1.3502,Healthy
External,NASA_B0034,B0034,91,LiCoO2,CC,0.9288,1.1432,69.08,39.56,0.04,2.0159,1.9937,1.744,0.3601,100.0,1.3815,Healthy
External,NASA_B0034,B0034,92,LiCoO2,CC,0.929,1.1431,69.18,40.0,0.04,2.0158,1.9935,1.7439,0.3612,100.0,1.3836,Healthy
External,NASA_B0034,B0034,93,LiCoO2,CC,0.9258,1.1547,66.51,38.64,0.04,2.0155,1.9909,1.724,0.3734,100.0,1.3301,Healthy
External,NASA_B0034,B0034,94,LiCoO2,CC,0.9246,1.1561,65.88,38.17,0.04,2.0156,1.9902,1.7216,0.3779,100.0,1.3177,Healthy
External,NASA_B0034,B0034,95,LiCoO2,CC,0.925,1.1621,65.32,37.84,0.04,2.0153,1.989,1.7115,0.3752,100.0,1.3064,Healthy
External,NASA_B0034,B0034,96,LiCoO2,CC,0.9272,1.1559,66.91,38.78,0.04,2.0159,1.9904,1.7218,0.3694,100.0,1.3382,Healthy
External,NASA_B0034,B0034,97,LiCoO2,CC,0.9252,1.1415,67.82,39.47,0.04,2.0158,1.9936,1.7464,0.372,100.0,1.3563,Healthy
External,NASA_B0034,B0034,98,LiCoO2,CC,0.9249,1.1373,68.24,39.62,0.04,2.0155,1.9945,1.7536,0.3721,100.0,1.3649,Healthy
External,NASA_B0034,B0034,99,LiCoO2,CC,0.9258,1.1533,66.69,38.42,0.04,2.0157,1.9912,1.7265,0.3731,100.0,1.3338,Healthy
External,NASA_B0034,B0034,100,LiCoO2,CC,0.9242,1.1593,65.3,38.11,0.04,2.016,1.9897,1.7164,0.3738,100.0,1.306,Healthy
External,NASA_B0034,B0034,101,LiCoO2,CC,0.9233,1.1546,65.51,38.33,0.04,2.0157,1.9907,1.7241,0.3768,100.0,1.3102,Healthy
External,NASA_B0034,B0034,102,LiCoO2,CC,0.9274,1.1489,67.84,39.43,0.04,2.0156,1.9925,1.7343,0.3688,100.0,1.3568,Healthy
External,NASA_B0034,B0034,103,LiCoO2,CC,0.9286,1.1385,69.58,40.32,0.04,2.0156,1.9947,1.752,0.3633,100.0,1.3917,Healthy
External,NASA_B0034,B0034,104,LiCoO2,CC,0.9267,1.1443,68.15,39.53,0.04,2.0153,1.993,1.7417,0.3715,100.0,1.363,Healthy
External,NASA_B0034,B0034,105,LiCoO2,CC,0.9251,1.1563,66.06,38.37,0.04,2.0153,1.9904,1.7214,0.3737,100.0,1.3212,Healthy
External,NASA_B0034,B0034,106,LiCoO2,CC,0.9234,1.1563,65.37,38.31,0.04,2.0155,1.9905,1.7213,0.3804,100.0,1.3075,Healthy
External,NASA_B0034,B0034,107,LiCoO2,CC,0.9256,1.1622,65.53,38.28,0.04,2.0155,1.9888,1.7112,0.3729,100.0,1.3106,Healthy
External,NASA_B0034,B0034,108,LiCoO2,CC,0.9259,1.1354,68.82,40.33,0.04,2.0162,1.9948,1.7569,0.3684,100.0,1.3763,Healthy
External,NASA_B0034,B0034,109,LiCoO2,CC,0.9277,1.1354,69.59,40.79,0.04,2.0156,1.9955,1.7575,0.3602,100.0,1.3918,Healthy
External,NASA_B0034,B0034,110,LiCoO2,CC,0.9249,1.1369,68.25,40.0,0.04,2.0161,1.9948,1.7546,0.3713,100.0,1.365,Healthy
External,NASA_B0034,B0034,111,LiCoO2,CC,0.9229,1.1485,66.1,38.79,0.04,2.0156,1.9922,1.7346,0.3767,100.0,1.3219,Healthy
External,NASA_B0034,B0034,112,LiCoO2,CC,0.92,1.1439,65.45,38.67,0.04,2.0158,1.9927,1.742,0.3841,100.0,1.309,Healthy
External,NASA_B0034,B0034,113,LiCoO2,CC,0.9261,1.1547,66.64,38.83,0.04,2.0155,1.9907,1.724,0.3724,100.0,1.3327,Healthy
External,NASA_B0034,B0034,114,LiCoO2,CC,1.017,1.2868,87.12,40.05,0.04,2.0156,1.9481,1.5139,0.3434,100.0,1.7424,Healthy
External,NASA_B0034,B0034,115,LiCoO2,CC,0.928,1.1425,68.87,39.9,0.04,2.0155,1.9936,1.7449,0.3605,100.0,1.3773,Healthy
External,NASA_B0034,B0034,116,LiCoO2,CC,0.9249,1.1441,67.44,39.2,0.04,2.0155,1.9933,1.7423,0.3687,100.0,1.3488,Healthy
External,NASA_B0034,B0034,117,LiCoO2,CC,0.9269,1.1501,67.51,38.91,0.04,2.0157,1.9917,1.7318,0.3653,100.0,1.3502,Healthy
External,NASA_B0034,B0034,118,LiCoO2,CC,0.9241,1.1457,66.94,38.91,0.04,2.0154,1.993,1.7395,0.3721,100.0,1.3388,Healthy
External,NASA_B0034,B0034,119,LiCoO2,CC,0.9242,1.1516,66.27,38.75,0.04,2.0154,1.9913,1.7292,0.3687,100.0,1.3253,Healthy
External,NASA_B0034,B0034,120,LiCoO2,CC,0.9203,1.1363,66.54,39.09,0.04,2.0153,1.9945,1.7552,0.3779,100.0,1.3308,Healthy
External,NASA_B0034,B0034,121,LiCoO2,CC,0.9239,1.147,66.65,38.8,0.04,2.0156,1.9925,1.7371,0.372,100.0,1.3331,Healthy
External,NASA_B0034,B0034,122,LiCoO2,CC,0.9226,1.1425,66.67,38.87,0.04,2.0159,1.9937,1.7451,0.3749,100.0,1.3333,Healthy
External,NASA_B0034,B0034,123,LiCoO2,CC,0.9236,1.1488,66.32,38.72,0.04,2.0159,1.9922,1.7342,0.3722,100.0,1.3264,Healthy
External,NASA_B0034,B0034,124,LiCoO2,CC,0.9232,1.1486,66.2,38.69,0.04,2.0157,1.9921,1.7344,0.3747,100.0,1.324,Healthy
External,NASA_B0034,B0034,125,LiCoO2,CC,0.9233,1.1485,66.25,38.84,0.04,2.0156,1.9921,1.7345,0.3722,100.0,1.3249,Healthy
External,NASA_B0034,B0034,126,LiCoO2,CC,0.9224,1.144,66.42,38.98,0.04,2.0156,1.9933,1.7423,0.3779,100.0,1.3283,Healthy
External,NASA_B0034,B0034,127,LiCoO2,CC,0.9192,1.1391,65.73,39.05,0.04,2.0157,1.9942,1.7506,0.3801,100.0,1.3146,Healthy
External,NASA_B0034,B0034,128,LiCoO2,CC,0.9227,1.1502,65.83,38.79,0.04,2.0151,1.9918,1.7318,0.3746,100.0,1.3167,Healthy
External,NASA_B0034,B0034,129,LiCoO2,CC,0.9197,1.1454,65.21,38.89,0.04,2.0154,1.993,1.74,0.3788,100.0,1.3042,Healthy
External,NASA_B0034,B0034,130,LiCoO2,CC,0.9254,1.1438,67.67,40.17,0.04,2.0156,1.9933,1.7427,0.3705,100.0,1.3534,Healthy
External,NASA_B0034,B0034,131,LiCoO2,CC,0.9245,1.1331,68.56,41.04,0.04,2.0158,1.9957,1.7612,0.3672,100.0,1.3713,Healthy
External,NASA_B0034,B0034,132,LiCoO2,CC,0.9246,1.1391,67.88,40.44,0.04,2.0155,1.9947,1.751,0.3683,100.0,1.3577,Healthy
External,NASA_B0034,B0034,133,LiCoO2,CC,0.9215,1.1406,66.43,39.65,0.04,2.0162,1.9935,1.7477,0.3801,100.0,1.3287,Healthy
External,NASA_B0034,B0034,134,LiCoO2,CC,0.9215,1.1472,65.72,39.18,0.04,2.0153,1.9928,1.7371,0.3778,100.0,1.3144,Healthy
External,NASA_B0034,B0034,135,LiCoO2,CC,0.9225,1.1201,69.33,40.12,0.04,2.0155,1.9976,1.7834,0.3744,100.0,1.3867,Healthy
External,NASA_B0034,B0034,136,LiCoO2,CC,0.9248,1.1279,69.34,40.81,0.04,2.0156,1.9967,1.7702,0.3622,100.0,1.3868,Healthy
External,NASA_B0034,B0034,137,LiCoO2,CC,0.9261,1.1453,67.74,39.68,0.04,2.0159,1.993,1.7402,0.364,100.0,1.3548,Healthy
External,NASA_B0034,B0034,138,LiCoO2,CC,0.9229,1.1469,66.28,39.35,0.04,2.0155,1.9926,1.7373,0.3754,100.0,1.3256,Healthy
External,NASA_B0034,B0034,139,LiCoO2,CC,0.9231,1.1533,65.6,38.77,0.04,2.0157,1.9911,1.7264,0.3709,100.0,1.312,Healthy
External,NASA_B0034,B0034,140,LiCoO2,CC,0.9229,1.1544,65.32,38.27,0.04,2.0162,1.9905,1.7242,0.3762,100.0,1.3064,Healthy
External,NASA_B0034,B0034,141,LiCoO2,CC,0.9254,1.1481,67.09,39.68,0.04,2.0161,1.9923,1.7353,0.3658,100.0,1.3418,Healthy
External,NASA_B0034,B0034,142,LiCoO2,CC,0.9244,1.1368,68.05,40.52,0.04,2.0162,1.9944,1.7543,0.3715,100.0,1.3609,Healthy
External,NASA_B0034,B0034,143,LiCoO2,CC,0.9243,1.1496,66.5,39.34,0.04,2.0159,1.9919,1.7326,0.368,100.0,1.33,Healthy
External,NASA_B0034,B0034,144,LiCoO2,CC,0.9224,1.1562,64.95,38.61,0.04,2.0158,1.9901,1.7212,0.3741,100.0,1.2991,Healthy
External,NASA_B0034,B0034,145,LiCoO2,CC,0.9209,1.1516,64.92,38.62,0.04,2.0158,1.9914,1.7293,0.3779,100.0,1.2985,Healthy
External,NASA_B0034,B0034,146,LiCoO2,CC,0.9199,1.14,65.88,39.41,0.04,2.0159,1.9935,1.7487,0.3809,100.0,1.3176,Healthy
External,NASA_B0034,B0034,147,LiCoO2,CC,0.9244,1.1449,66.8,39.93,0.04,2.0194,1.9932,1.7409,0.3669,100.0,1.3361,Healthy
External,NASA_B0034,B0034,148,LiCoO2,CC,0.9254,1.1388,68.18,41.55,0.04,2.0165,1.9947,1.7515,0.3602,100.0,1.3636,Healthy
External,NASA_B0034,B0034,149,LiCoO2,CC,0.9219,1.1402,66.67,40.31,0.04,2.0158,1.9943,1.749,0.3736,100.0,1.3333,Healthy
External,NASA_B0034,B0034,150,LiCoO2,CC,0.9184,1.1418,65.12,39.63,0.04,2.0155,1.9939,1.7463,0.3804,100.0,1.3023,Healthy
External,NASA_B0034,B0034,151,LiCoO2,CC,0.9153,1.1368,64.44,39.4,0.04,2.0156,1.9944,1.7544,0.3876,100.0,1.2889,Healthy
External,NASA_B0034,B0034,152,LiCoO2,CC,0.9189,1.1485,64.51,39.06,0.04,2.0156,1.9923,1.7347,0.3821,100.0,1.2903,Healthy
External,NASA_B0034,B0034,153,LiCoO2,CC,0.9177,1.1435,64.62,39.19,0.04,2.0154,1.9935,1.7434,0.3836,100.0,1.2924,Healthy
External,NASA_B0034,B0034,154,LiCoO2,CC,0.9166,1.1384,64.77,39.32,0.04,2.0159,1.9948,1.7523,0.3838,100.0,1.2954,Healthy
External,NASA_B0034,B0034,155,LiCoO2,CC,0.917,1.1451,64.16,39.02,0.04,2.0153,1.9932,1.7407,0.3814,100.0,1.2832,Healthy
External,NASA_B0034,B0034,156,LiCoO2,CC,0.9206,1.0849,72.79,41.17,0.04,2.0157,2.0051,1.8483,0.3508,100.0,1.4557,Healthy
External,NASA_B0034,B0034,157,LiCoO2,CC,0.9202,1.0841,72.73,41.53,0.04,2.0158,2.005,1.8495,0.3574,100.0,1.4547,Healthy
External,NASA_B0034,B0034,158,LiCoO2,CC,0.9245,1.1118,71.17,40.36,0.04,2.0154,2.0006,1.7995,0.36,100.0,1.4234,Healthy
External,NASA_B0034,B0034,159,LiCoO2,CC,0.9227,1.118,69.63,39.91,0.04,2.0158,1.9995,1.7884,0.3705,100.0,1.3926,Healthy
External,NASA_B0034,B0034,160,LiCoO2,CC,0.9224,1.124,68.83,39.63,0.04,2.0155,1.998,1.7775,0.3713,100.0,1.3766,Healthy
External,NASA_B0034,B0034,161,LiCoO2,CC,0.9231,1.1242,69.05,40.25,0.04,2.0158,1.9982,1.7774,0.3713,100.0,1.381,Healthy
External,NASA_B0034,B0034,162,LiCoO2,CC,0.922,1.1127,70.04,41.28,0.04,2.0157,1.9995,1.797,0.3697,100.0,1.4008,Healthy
External,NASA_B0034,B0034,163,LiCoO2,CC,0.9229,1.1254,68.73,40.28,0.04,2.0172,1.9979,1.7752,0.3693,100.0,1.3746,Healthy
External,NASA_B0034,B0034,164,LiCoO2,CC,0.9195,1.1318,66.73,39.46,0.04,2.0159,1.9963,1.7639,0.3761,100.0,1.3346,Healthy
External,NASA_B0034,B0034,165,LiCoO2,CC,0.9182,1.1268,66.82,39.29,0.04,2.0155,1.9975,1.7726,0.3817,100.0,1.3364,Healthy
External,NASA_B0034,B0034,166,LiCoO2,CC,0.92,1.1451,65.35,39.19,0.04,2.0154,1.9932,1.7406,0.3782,100.0,1.3069,Healthy
External,NASA_B0034,B0034,167,LiCoO2,CC,0.9223,1.1384,67.08,39.89,0.04,2.0156,1.995,1.7524,0.3725,100.0,1.3415,Healthy
External,NASA_B0034,B0034,168,LiCoO2,CC,0.9214,1.1331,67.32,40.35,0.04,2.0159,1.9961,1.7615,0.3724,100.0,1.3464,Healthy
External,NASA_B0034,B0034,169,LiCoO2,CC,0.9212,1.1332,67.25,40.23,0.04,2.0155,1.996,1.7613,0.3748,100.0,1.345,Healthy
External,NASA_B0034,B0034,170,LiCoO2,CC,0.918,1.1347,65.79,39.48,0.04,2.0158,1.9956,1.7588,0.3812,100.0,1.3159,Healthy
External,NASA_B0034,B0034,171,LiCoO2,CC,0.9157,1.1348,64.86,39.32,0.04,2.0153,1.9953,1.7583,0.3886,100.0,1.2973,Healthy
External,NASA_B0034,B0034,172,LiCoO2,CC,0.9162,1.1416,64.26,39.07,0.04,2.0153,1.9939,1.7466,0.3894,100.0,1.2851,Healthy
External,NASA_B0034,B0034,173,LiCoO2,CC,0.9185,1.1347,65.95,40.25,0.04,2.0161,1.9953,1.7584,0.3808,100.0,1.319,Healthy
External,NASA_B0034,B0034,174,LiCoO2,CC,0.9196,1.1296,67.05,40.61,0.04,2.0155,1.9969,1.7678,0.3723,100.0,1.341,Healthy
External,NASA_B0034,B0034,175,LiCoO2,CC,0.9198,1.1363,66.31,40.11,0.04,2.0156,1.9954,1.756,0.3771,100.0,1.3261,Healthy
External,NASA_B0034,B0034,176,LiCoO2,CC,0.9162,1.1312,65.46,39.61,0.04,2.0158,1.9964,1.7649,0.3866,100.0,1.3091,Healthy
External,NASA_B0034,B0034,177,LiCoO2,CC,0.9189,1.1178,68.15,40.95,0.04,2.016,1.9991,1.7884,0.3732,100.0,1.363,Healthy
External,NASA_B0034,B0034,178,LiCoO2,CC,0.9186,1.131,66.46,39.37,0.04,2.0155,1.9963,1.7651,0.3766,100.0,1.3293,Healthy
External,NASA_B0034,B0034,179,LiCoO2,CC,0.9166,1.1378,64.85,39.15,0.04,2.0155,1.9949,1.7533,0.3799,100.0,1.2969,Healthy
External,NASA_B0034,B0034,180,LiCoO2,CC,0.9152,1.1327,64.93,39.24,0.04,2.0155,1.9961,1.7624,0.3855,100.0,1.2986,Healthy
External,NASA_B0034,B0034,181,LiCoO2,CC,0.9154,1.1396,64.2,39.04,0.04,2.0153,1.9945,1.7502,0.3822,100.0,1.2841,Healthy
External,NASA_B0034,B0034,182,LiCoO2,CC,0.9141,1.1274,65.11,39.36,0.04,2.0158,1.9974,1.7716,0.3802,100.0,1.3021,Healthy
External,NASA_B0034,B0034,183,LiCoO2,CC,0.9133,1.122,65.45,39.45,0.04,2.0157,1.998,1.7808,0.39,100.0,1.3089,Healthy
External,NASA_B0034,B0034,184,LiCoO2,CC,0.9123,1.134,63.61,39.28,0.04,2.0152,1.9951,1.7593,0.3927,100.0,1.2723,Healthy
External,NASA_B0034,B0034,185,LiCoO2,CC,0.915,1.1411,63.8,39.09,0.04,2.0156,1.9941,1.7475,0.3864,100.0,1.276,Healthy
External,NASA_B0034,B0034,186,LiCoO2,CC,0.9114,1.1357,63.03,39.19,0.04,2.0155,1.9954,1.7569,0.3919,100.0,1.2605,Healthy
External,NASA_B0034,B0034,187,LiCoO2,CC,0.9142,1.1428,63.3,39.05,0.04,2.0155,1.9938,1.7446,0.3848,100.0,1.2661,Healthy
External,NASA_B0034,B0034,188,LiCoO2,CC,0.9142,1.1428,63.29,38.99,0.04,2.0157,1.9937,1.7446,0.3855,100.0,1.2658,Healthy
External,NASA_B0034,B0034,189,LiCoO2,CC,0.9125,1.1374,63.28,39.01,0.04,2.0154,1.9949,1.7539,0.3873,100.0,1.2656,Healthy
External,NASA_B0034,B0034,190,LiCoO2,CC,0.9072,1.1196,63.32,39.39,0.04,2.0154,1.9983,1.7848,0.3976,100.0,1.2664,Healthy
External,NASA_B0034,B0034,191,LiCoO2,CC,0.9082,1.114,64.34,39.4,0.04,2.0154,2.0,1.7952,0.3922,100.0,1.2868,Healthy
External,NASA_B0034,B0034,192,LiCoO2,CC,0.9098,1.1264,63.5,39.21,0.04,2.0155,1.9974,1.7733,0.3893,100.0,1.27,Healthy
External,NASA_B0034,B0034,193,LiCoO2,CC,0.9151,1.1124,67.3,41.7,0.04,2.0156,2.0002,1.7982,0.3752,100.0,1.346,Healthy
External,NASA_B0034,B0034,194,LiCoO2,CC,0.913,1.1125,66.43,41.54,0.04,2.0157,2.0003,1.798,0.3787,100.0,1.3287,Healthy
External,NASA_B0034,B0034,195,LiCoO2,CC,0.9113,1.1139,65.6,40.71,0.04,2.0157,2.0001,1.7956,0.3851,100.0,1.312,Healthy
External,NASA_B0034,B0034,196,LiCoO2,CC,0.9058,1.1026,64.76,40.21,0.04,2.0157,2.0018,1.8154,0.3917,100.0,1.2951,Healthy
External,NASA_B0034,B0034,197,LiCoO2,CC,0.9061,1.1099,64.01,40.0,0.04,2.0153,2.0003,1.8022,0.3959,100.0,1.2803,Healthy
External,NASA_B0036,B0036,1,LiCoO2,CC,0.3665,0.103,50.1,24.89,0.04,1.0019,0.2037,1.9774,0.1512,100.0,1.002,Healthy
External,NASA_B0036,B0036,2,LiCoO2,CC,0.4585,0.0771,90.06,25.96,0.04,1.0014,0.1531,1.9856,0.2046,100.0,1.8011,Healthy
External,NASA_B0036,B0036,3,LiCoO2,CC,0.4591,0.0771,90.22,25.8,0.04,1.0022,0.1535,1.9862,0.2086,100.0,1.8044,Healthy
External,NASA_B0036,B0036,4,LiCoO2,CC,0.4595,0.0775,90.22,25.6,0.04,1.0034,0.1541,1.9871,0.2081,100.0,1.8044,Healthy
External,NASA_B0036,B0036,5,LiCoO2,CC,0.4592,0.0778,89.95,25.34,0.04,1.0048,0.1548,1.9875,0.2089,100.0,1.7989,Healthy
External,NASA_B0036,B0036,6,LiCoO2,CC,0.4585,0.0779,89.65,25.07,0.04,1.0051,0.1548,1.9875,0.2081,100.0,1.793,Healthy
External,NASA_B0036,B0036,7,LiCoO2,CC,0.4581,0.0782,89.43,24.88,0.04,1.0053,0.1554,1.9874,0.2089,100.0,1.7886,Healthy
External,NASA_B0036,B0036,8,LiCoO2,CC,0.458,0.0782,89.45,24.96,0.04,1.0044,0.1555,1.9875,0.2073,100.0,1.7891,Healthy
External,NASA_B0036,B0036,9,LiCoO2,CC,0.4581,0.0785,89.47,24.97,0.04,1.0042,0.156,1.9873,0.2108,100.0,1.7893,Healthy
External,NASA_B0036,B0036,10,LiCoO2,CC,0.4577,0.0788,89.3,24.9,0.04,1.004,0.1566,1.9872,0.2105,100.0,1.7861,Healthy
External,NASA_B0036,B0036,11,LiCoO2,CC,0.4578,0.0791,89.18,24.83,0.04,1.0053,0.1572,1.987,0.2099,100.0,1.7836,Healthy
External,NASA_B0036,B0036,12,LiCoO2,CC,0.4576,0.0794,89.15,25.11,0.04,1.0043,0.1578,1.9872,0.21,100.0,1.783,Healthy
External,NASA_B0036,B0036,13,LiCoO2,CC,0.4574,0.0796,89.07,24.95,0.04,1.0043,0.1581,1.9868,0.2099,100.0,1.7814,Healthy
External,NASA_B0036,B0036,14,LiCoO2,CC,0.457,0.0798,88.93,24.9,0.04,1.0038,0.1585,1.987,0.2089,100.0,1.7785,Healthy
External,NASA_B0036,B0036,15,LiCoO2,CC,0.4569,0.08,88.8,24.89,0.04,1.0043,0.159,1.9869,0.2093,100.0,1.7759,Healthy
External,NASA_B0036,B0036,16,LiCoO2,CC,0.4572,0.0802,88.9,25.53,0.04,1.0043,0.1594,1.9868,0.209,100.0,1.778,Healthy
External,NASA_B0036,B0036,17,LiCoO2,CC,0.4578,0.0804,89.15,26.41,0.04,1.0038,0.1597,1.9866,0.2101,100.0,1.783,Healthy
External,NASA_B0036,B0036,18,LiCoO2,CC,0.4585,0.0804,89.42,27.25,0.04,1.004,0.1596,1.9868,0.21,100.0,1.7883,Healthy
External,NASA_B0036,B0036,19,LiCoO2,CC,0.4574,0.0807,88.96,25.79,0.04,1.0041,0.1603,1.9866,0.2122,100.0,1.7793,Healthy
External,NASA_B0036,B0036,20,LiCoO2,CC,0.4564,0.0811,88.55,25.24,0.04,1.0038,0.1611,1.9863,0.2106,100.0,1.7709,Healthy
External,NASA_B0036,B0036,21,LiCoO2,CC,0.456,0.0814,88.3,24.99,0.04,1.0042,0.1617,1.9863,0.2082,100.0,1.7659,Healthy
External,NASA_B0036,B0036,22,LiCoO2,CC,0.4579,0.0815,89.13,32.8,0.04,1.0029,0.1618,1.9858,0.2059,100.0,1.7827,Healthy
External,NASA_B0036,B0036,23,LiCoO2,CC,0.4594,0.0813,89.82,31.57,0.04,1.0021,0.1612,1.9841,0.2077,100.0,1.7965,Healthy
External,NASA_B0036,B0036,24,LiCoO2,CC,0.4584,0.0818,89.55,30.91,0.04,1.0002,0.1622,1.9825,0.2102,100.0,1.7909,Healthy
External,NASA_B0036,B0036,25,LiCoO2,CC,0.4585,0.0822,89.26,30.77,0.04,1.0036,0.1629,1.9824,0.2106,100.0,1.7852,Healthy
External,NASA_B0036,B0036,26,LiCoO2,CC,0.4575,0.0823,89.06,30.83,0.04,1.0006,0.1632,1.9821,0.2103,100.0,1.7811,Healthy
External,NASA_B0036,B0036,27,LiCoO2,CC,0.4567,0.0826,88.78,31.04,0.04,0.9999,0.1638,1.9822,0.2083,100.0,1.7756,Healthy
External,NASA_B0036,B0036,28,LiCoO2,CC,0.4571,0.0827,88.84,31.5,0.04,1.0007,0.164,1.9821,0.2093,100.0,1.7769,Healthy
External,NASA_B0036,B0036,29,LiCoO2,CC,0.4566,0.083,88.57,31.23,0.04,1.0015,0.1646,1.982,0.2074,100.0,1.7713,Healthy
External,NASA_B0036,B0036,30,LiCoO2,CC,0.4565,0.0832,88.57,30.78,0.04,1.0007,0.1649,1.9818,0.2109,100.0,1.7713,Healthy
External,NASA_B0036,B0036,31,LiCoO2,CC,0.4558,0.0834,88.3,30.56,0.04,1.0,0.1653,1.9818,0.2116,100.0,1.7661,Healthy
External,NASA_B0036,B0036,32,LiCoO2,CC,0.455,0.0838,87.96,30.73,0.04,0.9999,0.1661,1.9817,0.2074,100.0,1.7593,Healthy
External,NASA_B0036,B0036,33,LiCoO2,CC,0.4553,0.084,88.05,31.23,0.04,1.0001,0.1664,1.9818,0.2071,100.0,1.761,Healthy
External,NASA_B0036,B0036,34,LiCoO2,CC,0.4554,0.0841,88.01,31.07,0.04,1.0004,0.1667,1.9817,0.2101,100.0,1.7602,Healthy
External,NASA_B0036,B0036,35,LiCoO2,CC,0.4549,0.0844,87.78,30.64,0.04,1.0006,0.1672,1.9815,0.2115,100.0,1.7556,Healthy
External,NASA_B0036,B0036,36,LiCoO2,CC,0.455,0.0845,87.73,30.62,0.04,1.0016,0.1675,1.9816,0.2122,100.0,1.7546,Healthy
External,NASA_B0036,B0036,37,LiCoO2,CC,0.4543,0.0848,87.5,30.62,0.04,1.0005,0.1681,1.9813,0.2115,100.0,1.7499,Healthy
External,NASA_B0036,B0036,38,LiCoO2,CC,0.4555,0.0847,88.05,32.23,0.04,0.9997,0.1678,1.9813,0.2103,100.0,1.761,Healthy
External,NASA_B0036,B0036,39,LiCoO2,CC,0.4558,0.0848,88.12,32.96,0.04,1.0,0.1681,1.9812,0.2092,100.0,1.7624,Healthy
External,NASA_B0036,B0036,40,LiCoO2,CC,0.4546,0.0851,87.68,32.34,0.04,0.9996,0.1686,1.9812,0.2092,100.0,1.7536,Healthy
External,NASA_B0036,B0036,41,LiCoO2,CC,0.454,0.0855,87.31,31.2,0.04,1.0005,0.1693,1.9811,0.211,100.0,1.7462,Healthy
External,NASA_B0036,B0036,42,LiCoO2,CC,0.4534,0.0858,87.03,30.84,0.04,1.0002,0.1702,1.981,0.2112,100.0,1.7406,Healthy
External,NASA_B0036,B0036,43,LiCoO2,CC,0.4545,0.0857,87.53,32.19,0.04,0.9999,0.1697,1.9809,0.2059,100.0,1.7507,Healthy
External,NASA_B0036,B0036,44,LiCoO2,CC,0.4565,0.0855,88.26,33.06,0.04,1.001,0.1694,1.9811,0.2074,100.0,1.7651,Healthy
External,NASA_B0036,B0036,45,LiCoO2,CC,0.4562,0.0856,88.16,32.35,0.04,1.0008,0.1696,1.9811,0.2099,100.0,1.7632,Healthy
External,NASA_B0036,B0036,46,LiCoO2,CC,0.4827,0.0807,99.27,34.7,0.04,1.0014,0.16,1.9837,0.2311,100.0,1.9855,Healthy
External,NASA_B0036,B0036,47,LiCoO2,CC,0.4566,0.0857,88.27,32.42,0.04,1.0012,0.1698,1.9822,0.2081,100.0,1.7654,Healthy
External,NASA_B0036,B0036,48,LiCoO2,CC,0.4556,0.086,87.86,31.61,0.04,1.0007,0.1705,1.982,0.206,100.0,1.7572,Healthy
External,NASA_B0036,B0036,49,LiCoO2,CC,0.4557,0.0861,87.87,31.32,0.04,1.0007,0.1707,1.982,0.2102,100.0,1.7574,Healthy
External,NASA_B0036,B0036,50,LiCoO2,CC,0.4563,0.0863,88.09,32.0,0.04,1.0012,0.1711,1.9821,0.2111,100.0,1.7617,Healthy
External,NASA_B0036,B0036,51,LiCoO2,CC,0.4563,0.0864,88.03,32.99,0.04,1.0013,0.1712,1.9818,0.2082,100.0,1.7607,Healthy
External,NASA_B0036,B0036,52,LiCoO2,CC,0.4562,0.0865,88.03,32.84,0.04,1.0006,0.1714,1.9819,0.21,100.0,1.7607,Healthy
External,NASA_B0036,B0036,53,LiCoO2,CC,0.4552,0.0869,87.65,31.98,0.04,1.0003,0.1721,1.9817,0.2075,100.0,1.753,Healthy
External,NASA_B0036,B0036,54,LiCoO2,CC,0.4553,0.0871,87.53,31.8,0.04,1.0016,0.1727,1.9818,0.2079,100.0,1.7505,Healthy
External,NASA_B0036,B0036,55,LiCoO2,CC,0.4551,0.0871,87.5,31.8,0.04,1.0011,0.1726,1.9816,0.2084,100.0,1.7501,Healthy
External,NASA_B0036,B0036,56,LiCoO2,CC,0.4548,0.0874,87.33,32.18,0.04,1.0015,0.1732,1.9815,0.2067,100.0,1.7466,Healthy
External,NASA_B0036,B0036,57,LiCoO2,CC,0.4555,0.0874,87.68,33.27,0.04,1.0002,0.1731,1.9815,0.2078,100.0,1.7536,Healthy
External,NASA_B0036,B0036,58,LiCoO2,CC,0.4554,0.0875,87.54,32.92,0.04,1.0016,0.1733,1.9813,0.209,100.0,1.7507,Healthy
External,NASA_B0036,B0036,59,LiCoO2,CC,0.4545,0.0879,87.17,31.48,0.04,1.0009,0.1742,1.9815,0.2115,100.0,1.7433,Healthy
External,NASA_B0036,B0036,60,LiCoO2,CC,0.4533,0.0882,86.68,31.13,0.04,1.0008,0.1747,1.9811,0.2071,100.0,1.7337,Healthy
External,NASA_B0036,B0036,61,LiCoO2,CC,0.4532,0.0884,86.6,30.93,0.04,1.0009,0.1751,1.9812,0.2089,100.0,1.7319,Healthy
External,NASA_B0036,B0036,62,LiCoO2,CC,0.4544,0.0882,87.14,32.54,0.04,1.0006,0.1747,1.9813,0.2089,100.0,1.7429,Healthy
External,NASA_B0036,B0036,63,LiCoO2,CC,0.4545,0.0883,87.17,33.51,0.04,1.0004,0.1749,1.9809,0.2066,100.0,1.7433,Healthy
External,NASA_B0036,B0036,64,LiCoO2,CC,0.454,0.0885,86.93,32.72,0.04,1.0005,0.1754,1.981,0.2098,100.0,1.7385,Healthy
External,NASA_B0036,B0036,65,LiCoO2,CC,0.4531,0.0889,86.48,31.34,0.04,1.0014,0.1761,1.981,0.2111,100.0,1.7296,Healthy
External,NASA_B0036,B0036,66,LiCoO2,CC,0.4529,0.089,86.37,31.09,0.04,1.0013,0.1764,1.9811,0.2123,100.0,1.7273,Healthy
External,NASA_B0036,B0036,67,LiCoO2,CC,0.4548,0.0887,87.25,32.07,0.04,1.0004,0.1757,1.981,0.2028,100.0,1.7449,Healthy
External,NASA_B0036,B0036,68,LiCoO2,CC,0.4572,0.0883,88.21,33.17,0.04,1.0008,0.1749,1.9811,0.2108,100.0,1.7642,Healthy
External,NASA_B0036,B0036,69,LiCoO2,CC,0.4557,0.0889,87.52,32.14,0.04,1.0011,0.1761,1.981,0.2071,100.0,1.7505,Healthy
External,NASA_B0036,B0036,70,LiCoO2,CC,0.455,0.0893,87.21,31.25,0.04,1.0009,0.1768,1.9808,0.2106,100.0,1.7443,Healthy
External,NASA_B0036,B0036,71,LiCoO2,CC,0.454,0.0894,86.83,30.94,0.04,1.0007,0.1771,1.9805,0.2092,100.0,1.7365,Healthy
External,NASA_B0036,B0036,72,LiCoO2,CC,0.454,0.0896,86.66,30.73,0.04,1.0025,0.1775,1.9805,0.2099,100.0,1.7332,Healthy
External,NASA_B0036,B0036,73,LiCoO2,CC,0.4543,0.0896,86.93,32.24,0.04,1.0006,0.1775,1.9804,0.2069,100.0,1.7386,Healthy
External,NASA_B0036,B0036,74,LiCoO2,CC,0.455,0.0898,87.16,33.27,0.04,1.0009,0.1778,1.9805,0.213,100.0,1.7432,Healthy
External,NASA_B0036,B0036,75,LiCoO2,CC,0.454,0.0901,86.66,31.82,0.04,1.0015,0.1784,1.9805,0.2084,100.0,1.7333,Healthy
External,NASA_B0036,B0036,76,LiCoO2,CC,0.4533,0.0902,86.49,30.95,0.04,1.0002,0.1786,1.9804,0.2123,100.0,1.7299,Healthy
External,NASA_B0036,B0036,77,LiCoO2,CC,0.4524,0.0907,86.02,30.59,0.04,1.0009,0.1795,1.9803,0.2094,100.0,1.7204,Healthy
External,NASA_B0036,B0036,78,LiCoO2,CC,0.4529,0.0906,86.22,30.62,0.04,1.001,0.1794,1.9802,0.2129,100.0,1.7244,Healthy
External,NASA_B0036,B0036,79,LiCoO2,CC,0.4526,0.0907,86.07,30.74,0.04,1.0012,0.1797,1.9801,0.213,100.0,1.7215,Healthy
External,NASA_B0036,B0036,80,LiCoO2,CC,0.4523,0.0909,85.99,30.48,0.04,1.0004,0.18,1.9803,0.2138,100.0,1.7197,Healthy
External,NASA_B0036,B0036,81,LiCoO2,CC,0.452,0.0912,85.82,30.67,0.04,1.0007,0.1805,1.9801,0.2109,100.0,1.7164,Healthy
External,NASA_B0036,B0036,82,LiCoO2,CC,0.4515,0.0913,85.56,30.48,0.04,1.0009,0.1807,1.98,0.2108,100.0,1.7112,Healthy
External,NASA_B0036,B0036,83,LiCoO2,CC,0.4514,0.0915,85.51,30.5,0.04,1.0008,0.1812,1.98,0.2106,100.0,1.7102,Healthy
External,NASA_B0036,B0036,84,LiCoO2,CC,0.4516,0.0914,85.65,30.48,0.04,1.0003,0.1811,1.9801,0.2146,100.0,1.7131,Healthy
External,NASA_B0036,B0036,85,LiCoO2,CC,0.4515,0.0916,85.52,30.59,0.04,1.0008,0.1814,1.9799,0.2132,100.0,1.7104,Healthy
External,NASA_B0036,B0036,86,LiCoO2,CC,0.4511,0.092,85.32,30.42,0.04,1.0011,0.1822,1.9796,0.2137,100.0,1.7065,Healthy
External,NASA_B0036,B0036,87,LiCoO2,CC,0.4508,0.0921,85.15,30.57,0.04,1.0017,0.1823,1.9797,0.211,100.0,1.7029,Healthy
External,NASA_B0036,B0036,88,LiCoO2,CC,0.4511,0.0921,85.36,30.46,0.04,1.0003,0.1823,1.9798,0.2148,100.0,1.7073,Healthy
External,NASA_B0036,B0036,89,LiCoO2,CC,0.4508,0.0923,85.19,30.55,0.04,1.0005,0.1827,1.9797,0.2115,100.0,1.7039,Healthy
External,NASA_B0036,B0036,90,LiCoO2,CC,0.4513,0.0922,85.4,31.19,0.04,1.0008,0.1825,1.9797,0.2126,100.0,1.708,Healthy
External,NASA_B0036,B0036,91,LiCoO2,CC,0.4516,0.0923,85.57,31.9,0.04,1.0002,0.1827,1.9795,0.2126,100.0,1.7113,Healthy
External,NASA_B0036,B0036,92,LiCoO2,CC,0.4519,0.0922,85.71,32.32,0.04,1.0,0.1824,1.9795,0.2167,100.0,1.7141,Healthy
External,NASA_B0036,B0036,93,LiCoO2,CC,0.4512,0.0928,85.27,30.83,0.04,1.0011,0.1837,1.9797,0.2164,100.0,1.7053,Healthy
External,NASA_B0036,B0036,94,LiCoO2,CC,0.4499,0.0931,84.67,30.29,0.04,1.0015,0.1843,1.9793,0.2133,100.0,1.6935,Healthy
External,NASA_B0036,B0036,95,LiCoO2,CC,0.4494,0.0932,84.53,30.07,0.04,1.0007,0.1845,1.9792,0.214,100.0,1.6905,Healthy
External,NASA_B0036,B0036,96,LiCoO2,CC,0.4506,0.0929,85.04,31.09,0.04,1.0004,0.1839,1.9791,0.2158,100.0,1.7008,Healthy
External,NASA_B0036,B0036,97,LiCoO2,CC,0.4502,0.0932,84.86,31.61,0.04,1.0003,0.1845,1.9792,0.2112,100.0,1.6971,Healthy
External,NASA_B0036,B0036,98,LiCoO2,CC,0.4507,0.0935,84.99,31.69,0.04,1.0011,0.185,1.9791,0.2133,100.0,1.6998,Healthy
External,NASA_B0036,B0036,99,LiCoO2,CC,0.4497,0.0936,84.56,30.64,0.04,1.0011,0.1853,1.9791,0.2162,100.0,1.6913,Healthy
External,NASA_B0036,B0036,100,LiCoO2,CC,0.449,0.0939,84.29,30.36,0.04,1.0008,0.1858,1.979,0.2152,100.0,1.6857,Healthy
External,NASA_B0036,B0036,101,LiCoO2,CC,0.4488,0.0941,84.16,30.47,0.04,1.0006,0.1863,1.9788,0.2135,100.0,1.6832,Healthy
External,NASA_B0036,B0036,102,LiCoO2,CC,0.4499,0.0939,84.64,31.69,0.04,1.0005,0.1859,1.9789,0.2134,100.0,1.6929,Healthy
External,NASA_B0036,B0036,103,LiCoO2,CC,0.4507,0.0939,84.92,32.58,0.04,1.001,0.1858,1.9788,0.2118,100.0,1.6985,Healthy
External,NASA_B0036,B0036,104,LiCoO2,CC,0.45,0.094,84.68,31.69,0.04,1.0004,0.186,1.9788,0.2169,100.0,1.6936,Healthy
External,NASA_B0036,B0036,105,LiCoO2,CC,0.4488,0.0945,84.15,30.61,0.04,1.0004,0.187,1.9786,0.2181,100.0,1.6831,Healthy
External,NASA_B0036,B0036,106,LiCoO2,CC,0.4492,0.0945,84.25,30.4,0.04,1.0008,0.1871,1.9788,0.2198,100.0,1.685,Healthy
External,NASA_B0036,B0036,107,LiCoO2,CC,0.4487,0.0947,84.02,30.55,0.04,1.0014,0.1873,1.9785,0.2162,100.0,1.6803,Healthy
External,NASA_B0036,B0036,108,LiCoO2,CC,0.4504,0.0945,84.72,32.48,0.04,1.0011,0.187,1.9787,0.2144,100.0,1.6944,Healthy
External,NASA_B0036,B0036,109,LiCoO2,CC,0.4503,0.0945,84.78,33.09,0.04,1.0,0.187,1.9783,0.2144,100.0,1.6956,Healthy
External,NASA_B0036,B0036,110,LiCoO2,CC,0.4493,0.095,84.21,32.12,0.04,1.0013,0.1879,1.9783,0.2135,100.0,1.6842,Healthy
External,NASA_B0036,B0036,111,LiCoO2,CC,0.4478,0.0953,83.61,30.91,0.04,1.0009,0.1886,1.9783,0.2143,100.0,1.6722,Healthy
External,NASA_B0036,B0036,112,LiCoO2,CC,0.4473,0.0955,83.38,30.59,0.04,1.0008,0.1889,1.9783,0.2141,100.0,1.6676,Healthy
External,NASA_B0036,B0036,113,LiCoO2,CC,0.4485,0.0955,83.91,31.08,0.04,1.0001,0.189,1.9782,0.2168,100.0,1.6782,Healthy
External,NASA_B0036,B0036,114,LiCoO2,CC,0.484,0.0791,100.0,33.99,0.04,1.0011,0.1569,1.9837,0.3234,100.0,2.4441,Healthy
External,NASA_B0036,B0036,115,LiCoO2,CC,0.4501,0.0952,84.57,32.26,0.04,1.0007,0.1883,1.9781,0.2167,100.0,1.6913,Healthy
External,NASA_B0036,B0036,116,LiCoO2,CC,0.4488,0.0956,84.01,31.43,0.04,1.0007,0.1891,1.9785,0.2158,100.0,1.6803,Healthy
External,NASA_B0036,B0036,117,LiCoO2,CC,0.4481,0.0958,83.66,31.21,0.04,1.0009,0.1896,1.9782,0.2156,100.0,1.6731,Healthy
External,NASA_B0036,B0036,118,LiCoO2,CC,0.4477,0.0961,83.52,31.08,0.04,1.0006,0.1901,1.9782,0.2169,100.0,1.6704,Healthy
External,NASA_B0036,B0036,119,LiCoO2,CC,0.4474,0.0963,83.3,31.05,0.04,1.0014,0.1904,1.9778,0.2156,100.0,1.666,Healthy
External,NASA_B0036,B0036,120,LiCoO2,CC,0.447,0.0965,83.21,31.06,0.04,1.0002,0.1908,1.9781,0.2147,100.0,1.6642,Healthy
External,NASA_B0036,B0036,121,LiCoO2,CC,0.4475,0.0965,83.34,30.98,0.04,1.0008,0.1909,1.978,0.2193,100.0,1.6668,Healthy
External,NASA_B0036,B0036,122,LiCoO2,CC,0.4466,0.0967,82.97,30.94,0.04,1.0008,0.1912,1.9778,0.216,100.0,1.6595,Healthy
External,NASA_B0036,B0036,123,LiCoO2,CC,0.4472,0.0969,83.12,30.93,0.04,1.0015,0.1916,1.9776,0.2218,100.0,1.6624,Healthy
External,NASA_B0036,B0036,124,LiCoO2,CC,0.4467,0.0969,83.02,30.86,0.04,1.0006,0.1917,1.9777,0.2222,100.0,1.6604,Healthy
External,NASA_B0036,B0036,125,LiCoO2,CC,0.4468,0.097,83.05,31.04,0.04,1.0006,0.1918,1.9778,0.2186,100.0,1.661,Healthy
External,NASA_B0036,B0036,126,LiCoO2,CC,0.4466,0.0971,82.88,31.04,0.04,1.0014,0.1921,1.9775,0.2196,100.0,1.6575,Healthy
External,NASA_B0036,B0036,127,LiCoO2,CC,0.4457,0.0975,82.54,30.96,0.04,1.0005,0.1928,1.9773,0.2168,100.0,1.6508,Healthy
External,NASA_B0036,B0036,128,LiCoO2,CC,0.4459,0.0974,82.66,30.95,0.04,1.0003,0.1925,1.9774,0.2214,100.0,1.6533,Healthy
External,NASA_B0036,B0036,129,LiCoO2,CC,0.446,0.0977,82.47,30.89,0.04,1.0027,0.1932,1.9775,0.2195,100.0,1.6494,Healthy
External,NASA_B0036,B0036,130,LiCoO2,CC,0.4477,0.0971,83.39,32.32,0.04,1.0005,0.1921,1.9776,0.2193,100.0,1.6679,Healthy
External,NASA_B0036,B0036,131,LiCoO2,CC,0.4482,0.0972,83.54,33.24,0.04,1.0011,0.1921,1.977,0.2196,100.0,1.6709,Healthy
External,NASA_B0036,B0036,132,LiCoO2,CC,0.4476,0.0974,83.29,32.67,0.04,1.0009,0.1925,1.9774,0.2215,100.0,1.6658,Healthy
External,NASA_B0036,B0036,133,LiCoO2,CC,0.4461,0.0979,82.66,31.63,0.04,1.0004,0.1935,1.9773,0.2206,100.0,1.6533,Healthy
External,NASA_B0036,B0036,134,LiCoO2,CC,0.4454,0.0981,82.34,31.23,0.04,1.0007,0.194,1.9771,0.2204,100.0,1.6469,Healthy
External,NASA_B0036,B0036,135,LiCoO2,CC,0.4493,0.1006,83.59,31.95,0.04,1.0006,0.1987,1.9762,0.2156,100.0,1.6719,Healthy
External,NASA_B0036,B0036,136,LiCoO2,CC,0.4502,0.0974,84.04,32.94,0.04,1.0044,0.1926,1.9775,0.2156,100.0,1.6808,Healthy
External,NASA_B0036,B0036,137,LiCoO2,CC,0.4488,0.0977,83.69,31.94,0.04,1.0016,0.1931,1.9775,0.2226,100.0,1.6738,Healthy
External,NASA_B0036,B0036,138,LiCoO2,CC,0.4472,0.0981,83.03,31.45,0.04,1.0011,0.194,1.977,0.2193,100.0,1.6606,Healthy
External,NASA_B0036,B0036,139,LiCoO2,CC,0.4466,0.0983,82.8,31.12,0.04,1.0006,0.1944,1.9772,0.2223,100.0,1.656,Healthy
External,NASA_B0036,B0036,140,LiCoO2,CC,0.4455,0.0987,82.34,30.76,0.04,1.0003,0.1951,1.9769,0.2219,100.0,1.6469,Healthy
External,NASA_B0036,B0036,141,LiCoO2,CC,0.4469,0.0985,82.87,32.32,0.04,1.0009,0.1948,1.9768,0.2183,100.0,1.6575,Healthy
External,NASA_B0036,B0036,142,LiCoO2,CC,0.4474,0.0987,83.02,32.95,0.04,1.001,0.1951,1.9767,0.2194,100.0,1.6604,Healthy
External,NASA_B0036,B0036,143,LiCoO2,CC,0.4456,0.099,82.3,31.96,0.04,1.0009,0.1957,1.9763,0.2195,100.0,1.6461,Healthy
External,NASA_B0036,B0036,144,LiCoO2,CC,0.445,0.0993,82.04,31.19,0.04,1.0003,0.1963,1.9764,0.2249,100.0,1.6408,Healthy
External,NASA_B0036,B0036,145,LiCoO2,CC,0.4443,0.0996,81.72,31.01,0.04,1.0007,0.1968,1.9764,0.2232,100.0,1.6344,Healthy
External,NASA_B0036,B0036,146,LiCoO2,CC,0.4447,0.0995,81.87,31.59,0.04,1.0006,0.1967,1.9765,0.2198,100.0,1.6374,Healthy
External,NASA_B0036,B0036,147,LiCoO2,CC,0.4458,0.0993,82.37,32.45,0.04,1.0004,0.1963,1.9762,0.2252,100.0,1.6474,Healthy
External,NASA_B0036,B0036,148,LiCoO2,CC,0.4467,0.099,82.73,33.71,0.04,1.001,0.1957,1.9764,0.2218,100.0,1.6546,Healthy
External,NASA_B0036,B0036,149,LiCoO2,CC,0.4451,0.0996,82.04,32.36,0.04,1.0008,0.1968,1.9765,0.2238,100.0,1.6409,Healthy
External,NASA_B0036,B0036,150,LiCoO2,CC,0.4433,0.1,81.33,31.56,0.04,1.0002,0.1975,1.9763,0.2198,100.0,1.6265,Healthy
External,NASA_B0036,B0036,151,LiCoO2,CC,0.4429,0.1003,81.09,31.14,0.04,1.0005,0.1982,1.9762,0.2199,100.0,1.6217,Healthy
External,NASA_B0036,B0036,152,LiCoO2,CC,0.4434,0.1003,81.24,31.04,0.04,1.0008,0.1983,1.9764,0.2253,100.0,1.6248,Healthy
External,NASA_B0036,B0036,153,LiCoO2,CC,0.4427,0.1005,80.94,31.05,0.04,1.001,0.1987,1.9763,0.2225,100.0,1.6188,Healthy
External,NASA_B0036,B0036,154,LiCoO2,CC,0.4421,0.101,80.69,31.11,0.04,1.0007,0.1996,1.976,0.2204,100.0,1.6137,Healthy
External,NASA_B0036,B0036,155,LiCoO2,CC,0.4418,0.1011,80.6,30.94,0.04,1.0001,0.1997,1.9758,0.2241,100.0,1.612,Healthy
External,NASA_B0036,B0036,156,LiCoO2,CC,0.4487,0.0996,83.36,32.68,0.04,1.002,0.1968,1.9763,0.2102,100.0,1.6671,Healthy
External,NASA_B0036,B0036,157,LiCoO2,CC,0.4505,0.0991,84.25,33.03,0.04,1.0008,0.1959,1.9765,0.2164,100.0,1.685,Healthy
External,NASA_B0036,B0036,158,LiCoO2,CC,0.4496,0.0992,83.93,32.14,0.04,1.0,0.1961,1.9762,0.2196,100.0,1.6787,Healthy
External,NASA_B0036,B0036,159,LiCoO2,CC,0.4491,0.0996,83.65,31.55,0.04,1.0003,0.1969,1.9765,0.2211,100.0,1.673,Healthy
External,NASA_B0036,B0036,160,LiCoO2,CC,0.4486,0.0998,83.32,31.32,0.04,1.0016,0.1973,1.9763,0.2191,100.0,1.6665,Healthy
External,NASA_B0036,B0036,161,LiCoO2,CC,0.449,0.0999,83.49,31.94,0.04,1.0013,0.1974,1.9762,0.219,100.0,1.6698,Healthy
External,NASA_B0036,B0036,162,LiCoO2,CC,0.4497,0.0999,83.73,32.96,0.04,1.0019,0.1973,1.976,0.2192,100.0,1.6747,Healthy
External,NASA_B0036,B0036,163,LiCoO2,CC,0.4486,0.1004,83.33,31.95,0.04,1.0008,0.1983,1.9759,0.2229,100.0,1.6665,Healthy
External,NASA_B0036,B0036,164,LiCoO2,CC,0.4468,0.1005,82.61,31.02,0.04,1.0007,0.1986,1.976,0.2179,100.0,1.6522,Healthy
External,NASA_B0036,B0036,165,LiCoO2,CC,0.4461,0.1009,82.31,30.72,0.04,1.0005,0.1993,1.9758,0.218,100.0,1.6463,Healthy
External,NASA_B0036,B0036,166,LiCoO2,CC,0.4457,0.1011,82.12,30.88,0.04,1.0004,0.1998,1.9758,0.2151,100.0,1.6424,Healthy
External,NASA_B0036,B0036,167,LiCoO2,CC,0.4468,0.1008,82.56,31.65,0.04,1.0011,0.1992,1.976,0.2188,100.0,1.6512,Healthy
External,NASA_B0036,B0036,168,LiCoO2,CC,0.4464,0.101,82.41,32.07,0.04,1.0004,0.1996,1.9757,0.2159,100.0,1.6482,Healthy
External,NASA_B0036,B0036,169,LiCoO2,CC,0.4465,0.1012,82.39,31.9,0.04,1.0009,0.2,1.9757,0.2218,100.0,1.6479,Healthy
External,NASA_B0036,B0036,170,LiCoO2,CC,0.445,0.1016,81.79,30.99,0.04,1.0003,0.2007,1.9758,0.2198,100.0,1.6358,Healthy
External,NASA_B0036,B0036,171,LiCoO2,CC,0.4448,0.1015,81.66,30.72,0.04,1.001,0.2006,1.9757,0.223,100.0,1.6332,Healthy
External,NASA_B0036,B0036,172,LiCoO2,CC,0.4444,0.1018,81.5,30.53,0.04,1.0004,0.2011,1.9754,0.2222,100.0,1.6299,Healthy
External,NASA_B0036,B0036,173,LiCoO2,CC,0.4454,0.1016,81.94,31.86,0.04,1.0003,0.2007,1.9754,0.2234,100.0,1.6388,Healthy
External,NASA_B0036,B0036,174,LiCoO2,CC,0.4452,0.1019,81.8,32.31,0.04,1.0008,0.2012,1.9754,0.2193,100.0,1.636,Healthy
External,NASA_B0036,B0036,175,LiCoO2,CC,0.4445,0.1021,81.56,31.79,0.04,0.9999,0.2017,1.9753,0.2232,100.0,1.6311,Healthy
External,NASA_B0036,B0036,176,LiCoO2,CC,0.4436,0.1025,81.1,31.02,0.04,1.0006,0.2024,1.9752,0.224,100.0,1.622,Healthy
External,NASA_B0036,B0036,177,LiCoO2,CC,0.4458,0.1019,82.08,32.53,0.04,1.0,0.2012,1.9749,0.2202,100.0,1.6416,Healthy
External,NASA_B0036,B0036,178,LiCoO2,CC,0.4439,0.1024,81.27,30.97,0.04,1.0003,0.2022,1.9751,0.22,100.0,1.6253,Healthy
External,NASA_B0036,B0036,179,LiCoO2,CC,0.4434,0.1026,80.98,30.76,0.04,1.0007,0.2027,1.975,0.2223,100.0,1.6196,Healthy
External,NASA_B0036,B0036,180,LiCoO2,CC,0.4425,0.103,80.62,30.66,0.04,1.0001,0.2033,1.975,0.2203,100.0,1.6124,Healthy
External,NASA_B0036,B0036,181,LiCoO2,CC,0.4421,0.1032,80.39,30.59,0.04,1.0009,0.2041,1.9748,0.2205,100.0,1.6078,Healthy
External,NASA_B0036,B0036,182,LiCoO2,CC,0.4422,0.1033,80.44,30.83,0.04,1.0007,0.2041,1.9749,0.2228,100.0,1.6088,Healthy
External,NASA_B0036,B0036,183,LiCoO2,CC,0.4421,0.1034,80.42,30.69,0.04,1.0002,0.2042,1.9747,0.2242,100.0,1.6084,Healthy
External,NASA_B0036,B0036,184,LiCoO2,CC,0.4419,0.1034,80.34,30.62,0.04,1.0002,0.2043,1.9747,0.2263,100.0,1.6068,Healthy
External,NASA_B0036,B0036,185,LiCoO2,CC,0.4414,0.1038,80.09,30.6,0.04,1.0002,0.2049,1.9749,0.2254,100.0,1.6018,Healthy
External,NASA_B0036,B0036,186,LiCoO2,CC,0.4408,0.104,79.75,30.52,0.04,1.0012,0.2054,1.9744,0.223,100.0,1.5949,Healthy
External,NASA_B0036,B0036,187,LiCoO2,CC,0.4406,0.1044,79.69,30.57,0.04,1.0003,0.206,1.9744,0.2251,100.0,1.5938,Healthy
External,NASA_B0036,B0036,188,LiCoO2,CC,0.4405,0.1043,79.6,30.53,0.04,1.001,0.206,1.9746,0.2223,100.0,1.592,Healthy
External,NASA_B0036,B0036,189,LiCoO2,CC,0.4396,0.1047,79.24,30.46,0.04,1.0003,0.2066,1.9743,0.2245,100.0,1.5847,Healthy
External,NASA_B0036,B0036,190,LiCoO2,CC,0.4386,0.1049,78.82,30.43,0.04,1.0003,0.2071,1.9741,0.2222,100.0,1.5763,Healthy
External,NASA_B0036,B0036,191,LiCoO2,CC,0.4381,0.1053,78.6,30.48,0.04,1.0,0.2078,1.974,0.2223,100.0,1.572,Healthy
External,NASA_B0036,B0036,192,LiCoO2,CC,0.4383,0.1052,78.65,30.47,0.04,1.0005,0.2076,1.974,0.2251,100.0,1.573,Healthy
External,NASA_B0036,B0036,193,LiCoO2,CC,0.4412,0.1045,79.85,33.14,0.04,1.0013,0.2064,1.9744,0.2221,100.0,1.597,Healthy
External,NASA_B0036,B0036,194,LiCoO2,CC,0.441,0.1046,79.79,32.93,0.04,1.001,0.2065,1.974,0.2276,100.0,1.5957,Healthy
External,NASA_B0036,B0036,195,LiCoO2,CC,0.439,0.1052,78.98,31.95,0.04,1.0,0.2077,1.9741,0.2263,100.0,1.5795,Healthy
External,NASA_B0036,B0036,196,LiCoO2,CC,0.4372,0.1057,78.15,31.19,0.04,1.0005,0.2087,1.9737,0.2229,100.0,1.5629,Healthy
External,NASA_B0036,B0036,197,LiCoO2,CC,0.4368,0.1061,77.96,30.99,0.04,1.0005,0.2094,1.9737,0.2242,100.0,1.5591,Healthy
External,NASA_B0045,B0045,1,LiCoO2,CC,0.6537,0.6917,54.1,9.49,0.84,0.5046,0.4704,0.6797,0.3836,100.0,1.082,Healthy
External,NASA_B0045,B0045,2,LiCoO2,CC,0.6319,0.6834,46.4,9.41,0.84,0.5044,0.4683,0.6849,0.3954,85.76,0.928,Degraded
External,NASA_B0045,B0045,3,LiCoO2,CC,0.6362,0.7156,44.26,9.14,0.84,0.5045,0.4757,0.6647,0.3997,81.81,0.8852,Degraded
External,NASA_B0045,B0045,4,LiCoO2,CC,0.6393,0.7376,42.91,9.07,0.84,0.5039,0.4802,0.651,0.4037,79.31,0.8581,End_of_Life
External,NASA_B0045,B0045,5,LiCoO2,CC,0.6425,0.7548,42.05,9.06,0.84,0.5046,0.4834,0.6403,0.4002,77.72,0.8409,End_of_Life
External,NASA_B0045,B0045,6,LiCoO2,CC,0.6444,0.7685,41.23,9.08,0.84,0.5041,0.4857,0.6318,0.4027,76.21,0.8245,End_of_Life
External,NASA_B0045,B0045,7,LiCoO2,CC,0.6475,0.7917,39.68,9.27,0.84,0.5041,0.4892,0.6177,0.4044,73.35,0.7936,End_of_Life
External,NASA_B0045,B0045,8,LiCoO2,CC,0.6459,0.7754,40.92,9.34,0.84,0.5049,0.4868,0.6277,0.4,75.64,0.8184,End_of_Life
External,NASA_B0045,B0045,9,LiCoO2,CC,0.6456,0.7832,39.89,9.31,0.84,0.5044,0.488,0.6229,0.4088,73.73,0.7978,End_of_Life
External,NASA_B0045,B0045,10,LiCoO2,CC,0.6488,0.7935,39.97,9.25,0.84,0.5043,0.4895,0.6166,0.3983,73.88,0.7994,End_of_Life
External,NASA_B0045,B0045,11,LiCoO2,CC,0.6483,0.8004,38.92,9.29,0.84,0.5042,0.4904,0.6126,0.4018,71.93,0.7783,End_of_Life
External,NASA_B0045,B0045,12,LiCoO2,CC,0.6488,0.8011,39.02,9.31,0.84,0.5044,0.4905,0.6122,0.4007,72.12,0.7804,End_of_Life
External,NASA_B0045,B0045,13,LiCoO2,CC,0.6456,0.7946,38.57,9.3,0.84,0.504,0.4896,0.616,0.4082,71.29,0.7713,End_of_Life
External,NASA_B0045,B0045,14,LiCoO2,CC,0.6439,0.7787,39.76,9.25,0.84,0.5044,0.4872,0.6255,0.4124,73.5,0.7953,End_of_Life
External,NASA_B0045,B0045,15,LiCoO2,CC,0.6462,0.7909,39.12,9.22,0.84,0.5055,0.489,0.6181,0.4121,72.31,0.7824,End_of_Life
External,NASA_B0045,B0045,16,LiCoO2,CC,0.6467,0.8009,38.25,9.19,0.84,0.5041,0.4903,0.6122,0.41,70.7,0.7649,End_of_Life
External,NASA_B0045,B0045,17,LiCoO2,CC,0.6482,0.8102,37.72,9.19,0.84,0.5042,0.4917,0.6066,0.4091,69.73,0.7545,End_of_Life
External,NASA_B0045,B0045,18,LiCoO2,CC,0.6478,0.8107,37.52,9.21,0.84,0.504,0.4918,0.6065,0.4085,69.35,0.7504,End_of_Life
External,NASA_B0045,B0045,19,LiCoO2,CC,0.6486,0.8175,37.04,9.16,0.84,0.5038,0.4925,0.6023,0.406,68.46,0.7407,End_of_Life
External,NASA_B0045,B0045,20,LiCoO2,CC,0.343,0.1074,0.0,8.87,0.84,0.504,0.1069,0.9942,0.2418,0.0,0.0,End_of_Life
External,NASA_B0045,B0045,21,LiCoO2,CC,0.6557,0.8449,36.54,9.1,0.84,0.5041,0.4955,0.5863,0.4196,67.55,0.7309,End_of_Life
External,NASA_B0045,B0045,22,LiCoO2,CC,0.6463,0.8148,36.44,9.2,0.84,0.504,0.4922,0.6039,0.4123,67.35,0.7287,End_of_Life
External,NASA_B0045,B0045,23,LiCoO2,CC,0.645,0.8148,35.81,9.22,0.84,0.5051,0.4923,0.6041,0.4158,66.18,0.7161,End_of_Life
External,NASA_B0045,B0045,24,LiCoO2,CC,0.6456,0.8183,35.65,9.24,0.84,0.5047,0.4927,0.6019,0.4125,65.89,0.7129,End_of_Life
External,NASA_B0045,B0045,25,LiCoO2,CC,0.6446,0.8147,35.71,9.22,0.84,0.5046,0.4923,0.604,0.4106,66.01,0.7142,End_of_Life
External,NASA_B0045,B0045,26,LiCoO2,CC,0.647,0.8202,35.95,9.14,0.84,0.5054,0.4929,0.6007,0.3992,66.46,0.7191,End_of_Life
External,NASA_B0045,B0045,27,LiCoO2,CC,0.6452,0.8158,35.87,9.05,0.84,0.504,0.4923,0.6034,0.4006,66.3,0.7174,End_of_Life
External,NASA_B0045,B0045,28,LiCoO2,CC,0.6422,0.8099,35.36,9.31,0.84,0.5045,0.4916,0.6067,0.4129,65.35,0.7071,End_of_Life
External,NASA_B0045,B0045,29,LiCoO2,CC,0.6444,0.8187,35.18,9.17,0.84,0.5042,0.4926,0.6016,0.404,65.02,0.7035,End_of_Life
External,NASA_B0045,B0045,30,LiCoO2,CC,0.6391,0.8044,34.71,9.29,0.84,0.505,0.4908,0.6099,0.4153,64.15,0.6941,End_of_Life
External,NASA_B0045,B0045,31,LiCoO2,CC,0.6375,0.8009,34.57,9.32,0.84,0.5041,0.4904,0.6122,0.4165,63.9,0.6914,End_of_Life
External,NASA_B0045,B0045,32,LiCoO2,CC,0.6376,0.7988,34.86,9.29,0.84,0.5041,0.4901,0.6134,0.4065,64.43,0.6972,End_of_Life
External,NASA_B0045,B0045,33,LiCoO2,CC,0.6355,0.7978,34.16,9.37,0.84,0.504,0.4899,0.614,0.4193,63.15,0.6832,End_of_Life
External,NASA_B0045,B0045,34,LiCoO2,CC,0.6422,0.8204,34.11,9.33,0.84,0.5041,0.4929,0.6006,0.4222,63.05,0.6822,End_of_Life
External,NASA_B0045,B0045,35,LiCoO2,CC,0.6418,0.7995,36.45,9.37,0.84,0.5043,0.4902,0.613,0.4169,67.37,0.729,End_of_Life
External,NASA_B0045,B0045,36,LiCoO2,CC,0.6342,0.7803,35.7,9.31,0.84,0.5045,0.4875,0.6244,0.424,65.98,0.7139,End_of_Life
External,NASA_B0045,B0045,37,LiCoO2,CC,0.6374,0.7979,34.79,9.34,0.84,0.5055,0.49,0.614,0.4206,64.31,0.6958,End_of_Life
External,NASA_B0045,B0045,38,LiCoO2,CC,0.6403,0.8056,35.09,9.13,0.84,0.5044,0.491,0.6093,0.4105,64.87,0.7018,End_of_Life
External,NASA_B0045,B0045,39,LiCoO2,CC,0.6329,0.7852,34.56,9.34,0.84,0.5044,0.4883,0.6216,0.4242,63.88,0.6912,End_of_Life
External,NASA_B0045,B0045,40,LiCoO2,CC,0.6402,0.8127,34.22,9.26,0.84,0.5041,0.4919,0.6051,0.4139,63.25,0.6843,End_of_Life
External,NASA_B0045,B0045,41,LiCoO2,CC,0.6312,0.7868,33.71,9.38,0.84,0.5045,0.4884,0.6207,0.4264,62.31,0.6741,End_of_Life
External,NASA_B0045,B0045,42,LiCoO2,CC,0.6399,0.8189,33.35,9.14,0.84,0.5044,0.4926,0.6015,0.4119,61.65,0.667,End_of_Life
External,NASA_B0045,B0045,43,LiCoO2,CC,0.6349,0.7965,34.02,9.26,0.84,0.5043,0.4898,0.6147,0.4166,62.89,0.6804,End_of_Life
External,NASA_B0045,B0045,44,LiCoO2,CC,0.6314,0.7927,33.09,9.4,0.84,0.5041,0.4893,0.6172,0.4223,61.16,0.6618,End_of_Life
External,NASA_B0045,B0045,45,LiCoO2,CC,0.6295,0.7862,33.12,9.42,0.84,0.5044,0.4884,0.621,0.4221,61.21,0.6623,End_of_Life
External,NASA_B0045,B0045,46,LiCoO2,CC,0.6305,0.7872,33.4,9.21,0.84,0.5045,0.4885,0.6205,0.4136,61.73,0.6679,End_of_Life
External,NASA_B0045,B0045,47,LiCoO2,CC,0.626,0.7795,32.44,9.48,0.84,0.5052,0.4874,0.6248,0.4305,59.97,0.6489,End_of_Life
External,NASA_B0045,B0045,48,LiCoO2,CC,0.6274,0.7842,32.52,9.38,0.84,0.5042,0.488,0.6221,0.4295,60.11,0.6504,End_of_Life
External,NASA_B0045,B0045,49,LiCoO2,CC,0.6269,0.7795,32.86,9.35,0.84,0.5047,0.4874,0.625,0.4243,60.74,0.6572,End_of_Life
External,NASA_B0045,B0045,50,LiCoO2,CC,0.6249,0.7817,31.82,9.54,0.84,0.5044,0.4878,0.6237,0.4319,58.81,0.6364,End_of_Life
External,NASA_B0045,B0045,51,LiCoO2,CC,0.625,0.7749,32.68,9.44,0.84,0.5043,0.4867,0.6278,0.4215,60.41,0.6536,End_of_Life
External,NASA_B0045,B0045,52,LiCoO2,CC,0.6201,0.7646,31.96,9.49,0.84,0.5041,0.4849,0.6341,0.4347,59.07,0.6391,End_of_Life
External,NASA_B0045,B0045,53,LiCoO2,CC,0.6251,0.7762,32.41,9.3,0.84,0.5062,0.4868,0.6271,0.4182,59.91,0.6482,End_of_Life
External,NASA_B0045,B0045,54,LiCoO2,CC,0.5601,0.5686,31.44,10.08,0.84,0.5048,0.432,0.7597,0.4405,58.12,0.6288,End_of_Life
External,NASA_B0045,B0045,55,LiCoO2,CC,0.6442,0.8454,31.9,9.25,0.84,0.5042,0.4955,0.5859,0.4254,58.97,0.6381,End_of_Life
External,NASA_B0045,B0045,56,LiCoO2,CC,0.6275,0.7821,32.77,9.58,0.84,0.5047,0.4878,0.6236,0.4436,60.58,0.6555,End_of_Life
External,NASA_B0045,B0045,57,LiCoO2,CC,0.6256,0.7785,32.42,9.57,0.84,0.505,0.4872,0.6258,0.4458,59.94,0.6485,End_of_Life
External,NASA_B0045,B0045,58,LiCoO2,CC,0.6277,0.7865,32.27,9.49,0.84,0.5055,0.4886,0.6209,0.4393,59.65,0.6454,End_of_Life
External,NASA_B0045,B0045,59,LiCoO2,CC,0.63,0.7961,32.14,9.49,0.84,0.5039,0.4898,0.615,0.4308,59.4,0.6427,End_of_Life
External,NASA_B0045,B0045,60,LiCoO2,CC,0.626,0.786,31.76,9.62,0.84,0.5041,0.4884,0.6211,0.441,58.71,0.6352,End_of_Life
External,NASA_B0045,B0045,61,LiCoO2,CC,0.6364,0.8283,30.78,9.48,0.84,0.505,0.4937,0.5956,0.4351,56.9,0.6157,End_of_Life
External,NASA_B0045,B0045,62,LiCoO2,CC,0.6398,0.8384,30.85,9.45,0.84,0.5055,0.4948,0.5899,0.4314,57.03,0.6171,End_of_Life
External,NASA_B0045,B0045,63,LiCoO2,CC,0.631,0.7993,32.17,9.52,0.84,0.5039,0.4902,0.6131,0.4324,59.47,0.6434,End_of_Life
External,NASA_B0045,B0045,64,LiCoO2,CC,0.6241,0.7825,31.39,9.57,0.84,0.5044,0.4879,0.6233,0.4459,58.02,0.6278,End_of_Life
External,NASA_B0045,B0045,65,LiCoO2,CC,0.6288,0.798,31.45,9.49,0.84,0.5038,0.4899,0.6138,0.4364,58.13,0.629,End_of_Life
External,NASA_B0045,B0045,66,LiCoO2,CC,0.3481,0.1243,0.0,8.95,0.84,0.5041,0.123,0.9902,0.2529,0.0,0.0,End_of_Life
External,NASA_B0045,B0045,67,LiCoO2,CC,0.6495,0.8682,31.33,9.38,0.84,0.5034,0.4974,0.5725,0.4387,57.92,0.6266,End_of_Life
External,NASA_B0045,B0045,68,LiCoO2,CC,0.6348,0.8093,32.48,9.5,0.84,0.5039,0.4912,0.6068,0.4469,60.04,0.6496,End_of_Life
External,NASA_B0045,B0045,69,LiCoO2,CC,0.6318,0.8059,31.69,9.47,0.84,0.5039,0.4909,0.6091,0.4491,58.57,0.6337,End_of_Life
External,NASA_B0045,B0045,70,LiCoO2,CC,0.6364,0.8218,31.49,9.41,0.84,0.5055,0.4931,0.5998,0.4423,58.21,0.6299,End_of_Life
External,NASA_B0045,B0045,71,LiCoO2,CC,0.6311,0.8097,30.92,9.48,0.84,0.5047,0.4915,0.6065,0.4435,57.15,0.6183,End_of_Life
External,NASA_B0045,B0045,72,LiCoO2,CC,0.6302,0.8117,30.35,9.5,0.84,0.5039,0.4918,0.6056,0.451,56.1,0.6069,End_of_Life
External,NASA_B0046,B0046,1,LiCoO2,CC,0.5466,0.0639,86.41,9.04,0.84,0.5072,0.0641,1.0032,0.3323,100.0,1.7282,Healthy
External,NASA_B0046,B0046,2,LiCoO2,CC,0.5215,0.0684,75.81,8.87,0.84,0.5075,0.0686,1.0024,0.324,87.73,1.5161,Degraded
External,NASA_B0046,B0046,3,LiCoO2,CC,0.5199,0.0688,75.16,8.63,0.84,0.507,0.069,1.0024,0.3256,86.97,1.5031,Degraded
External,NASA_B0046,B0046,4,LiCoO2,CC,0.5179,0.0692,74.29,8.63,0.84,0.507,0.0694,1.0023,0.3278,85.98,1.4859,Degraded
External,NASA_B0046,B0046,5,LiCoO2,CC,0.516,0.0695,73.47,8.68,0.84,0.5071,0.0697,1.0023,0.3297,85.03,1.4695,Degraded
External,NASA_B0046,B0046,6,LiCoO2,CC,0.5148,0.0698,72.95,8.71,0.84,0.5073,0.07,1.0024,0.3297,84.42,1.459,Degraded
External,NASA_B0046,B0046,7,LiCoO2,CC,0.5144,0.07,72.78,8.94,0.84,0.5073,0.0703,1.0022,0.3222,84.23,1.4557,Degraded
External,NASA_B0046,B0046,8,LiCoO2,CC,0.5146,0.0701,72.81,8.96,0.84,0.5075,0.0702,1.0022,0.3337,84.26,1.4562,Degraded
External,NASA_B0046,B0046,9,LiCoO2,CC,0.5132,0.0705,72.2,8.86,0.84,0.5076,0.0706,1.0022,0.3348,83.56,1.4441,Degraded
External,NASA_B0046,B0046,10,LiCoO2,CC,0.5113,0.0707,71.41,8.95,0.84,0.5078,0.0709,1.002,0.3386,82.64,1.4283,Degraded
External,NASA_B0046,B0046,11,LiCoO2,CC,0.5103,0.0712,71.0,8.97,0.84,0.5071,0.0713,1.0019,0.3383,82.16,1.42,Degraded
External,NASA_B0046,B0046,12,LiCoO2,CC,0.5084,0.0714,70.22,8.97,0.84,0.507,0.0715,1.0019,0.3444,81.26,1.4043,Degraded
External,NASA_B0046,B0046,13,LiCoO2,CC,0.5108,0.071,71.17,9.03,0.84,0.5076,0.0712,1.0021,0.3262,82.36,1.4234,Degraded
External,NASA_B0046,B0046,14,LiCoO2,CC,0.512,0.0709,71.7,8.87,0.84,0.5075,0.071,1.0019,0.3355,82.97,1.434,Degraded
External,NASA_B0046,B0046,15,LiCoO2,CC,0.5101,0.0714,70.93,8.92,0.84,0.5069,0.0715,1.0017,0.3428,82.08,1.4185,Degraded
External,NASA_B0046,B0046,16,LiCoO2,CC,0.5087,0.072,70.28,8.92,0.84,0.5072,0.0721,1.0016,0.3387,81.33,1.4056,Degraded
External,NASA_B0046,B0046,17,LiCoO2,CC,0.5067,0.0721,69.45,8.99,0.84,0.5071,0.0725,1.0017,0.3446,80.37,1.389,Degraded
External,NASA_B0046,B0046,18,LiCoO2,CC,0.5048,0.0726,68.62,9.02,0.84,0.5072,0.0727,1.0017,0.3475,79.41,1.3723,End_of_Life
External,NASA_B0046,B0046,19,LiCoO2,CC,0.5035,0.073,68.08,9.0,0.84,0.5067,0.0732,1.0016,0.3454,78.78,1.3616,End_of_Life
External,NASA_B0046,B0046,20,LiCoO2,CC,0.3432,0.1073,0.0,7.55,0.84,0.5048,0.1069,0.9957,0.1369,0.0,0.0,End_of_Life
External,NASA_B0046,B0046,21,LiCoO2,CC,0.5092,0.0719,70.5,9.07,0.84,0.5069,0.072,1.0017,0.3472,81.59,1.41,Degraded
External,NASA_B0046,B0046,22,LiCoO2,CC,0.5009,0.0736,66.98,9.04,0.84,0.5067,0.0737,1.0015,0.3516,77.51,1.3396,End_of_Life
External,NASA_B0046,B0046,23,LiCoO2,CC,0.4998,0.0741,66.46,9.04,0.84,0.5073,0.0742,1.0018,0.3492,76.91,1.3292,End_of_Life
External,NASA_B0046,B0046,24,LiCoO2,CC,0.4985,0.0744,65.91,9.1,0.84,0.5069,0.0745,1.0014,0.3484,76.27,1.3182,End_of_Life
External,NASA_B0046,B0046,25,LiCoO2,CC,0.498,0.0747,65.62,9.09,0.84,0.5075,0.0748,1.0013,0.3504,75.94,1.3124,End_of_Life
External,NASA_B0046,B0046,26,LiCoO2,CC,0.4962,0.075,64.97,9.11,0.84,0.5065,0.0751,1.0011,0.3558,75.18,1.2993,End_of_Life
External,NASA_B0046,B0046,27,LiCoO2,CC,0.495,0.0754,64.39,8.98,0.84,0.5069,0.0755,1.001,0.3507,74.51,1.2877,End_of_Life
External,NASA_B0046,B0046,28,LiCoO2,CC,0.4949,0.0757,64.33,9.21,0.84,0.5068,0.0758,1.0012,0.3509,74.44,1.2865,End_of_Life
External,NASA_B0046,B0046,29,LiCoO2,CC,0.4932,0.076,63.6,9.15,0.84,0.5071,0.076,1.001,0.3491,73.6,1.272,End_of_Life
External,NASA_B0046,B0046,30,LiCoO2,CC,0.4932,0.0763,63.57,9.11,0.84,0.507,0.0763,1.001,0.35,73.57,1.2714,End_of_Life
External,NASA_B0046,B0046,31,LiCoO2,CC,0.492,0.0766,63.08,9.16,0.84,0.5067,0.0767,1.001,0.3547,73.0,1.2615,End_of_Life
External,NASA_B0046,B0046,32,LiCoO2,CC,0.4898,0.0771,62.11,9.17,0.84,0.507,0.0771,1.0009,0.3542,71.87,1.2421,End_of_Life
External,NASA_B0046,B0046,33,LiCoO2,CC,0.4896,0.0772,62.01,9.18,0.84,0.507,0.0774,1.0009,0.3547,71.76,1.2403,End_of_Life
External,NASA_B0046,B0046,34,LiCoO2,CC,0.495,0.0761,64.26,9.27,0.84,0.5075,0.0762,1.0012,0.3412,74.36,1.2851,End_of_Life
External,NASA_B0046,B0046,35,LiCoO2,CC,0.4971,0.0754,65.22,9.27,0.84,0.507,0.0755,1.0012,0.3543,75.47,1.3043,End_of_Life
External,NASA_B0046,B0046,36,LiCoO2,CC,0.494,0.0763,63.89,9.03,0.84,0.5069,0.0763,1.001,0.3539,73.94,1.2779,End_of_Life
External,NASA_B0046,B0046,37,LiCoO2,CC,0.4936,0.0767,63.62,9.17,0.84,0.5075,0.0768,1.0009,0.3547,73.62,1.2723,End_of_Life
External,NASA_B0046,B0046,38,LiCoO2,CC,0.4906,0.0771,62.39,9.09,0.84,0.5075,0.0772,1.0008,0.36,72.2,1.2478,End_of_Life
External,NASA_B0046,B0046,39,LiCoO2,CC,0.4891,0.0777,61.76,9.12,0.84,0.507,0.0777,1.001,0.3566,71.47,1.2352,End_of_Life
External,NASA_B0046,B0046,40,LiCoO2,CC,0.4884,0.0779,61.46,9.19,0.84,0.5068,0.0779,1.0008,0.3577,71.13,1.2293,End_of_Life
External,NASA_B0046,B0046,41,LiCoO2,CC,0.4878,0.0784,61.19,9.16,0.84,0.5067,0.0784,1.0007,0.353,70.82,1.2239,End_of_Life
External,NASA_B0046,B0046,42,LiCoO2,CC,0.4856,0.0789,60.27,9.09,0.84,0.5065,0.0789,1.0004,0.3581,69.75,1.2054,End_of_Life
External,NASA_B0046,B0046,43,LiCoO2,CC,0.4846,0.0791,59.79,9.18,0.84,0.507,0.0791,1.0004,0.3621,69.19,1.1958,End_of_Life
External,NASA_B0046,B0046,44,LiCoO2,CC,0.4841,0.0796,59.5,9.22,0.84,0.5073,0.0797,1.0005,0.3608,68.86,1.1901,End_of_Life
External,NASA_B0046,B0046,45,LiCoO2,CC,0.4827,0.0798,58.96,9.19,0.84,0.5068,0.0798,1.0004,0.3569,68.23,1.1792,End_of_Life
External,NASA_B0046,B0046,46,LiCoO2,CC,0.4815,0.0802,58.48,9.05,0.84,0.5064,0.0802,1.0002,0.3598,67.67,1.1695,End_of_Life
External,NASA_B0046,B0046,47,LiCoO2,CC,0.4814,0.0804,58.39,9.26,0.84,0.5068,0.0804,1.0001,0.3592,67.57,1.1677,End_of_Life
External,NASA_B0046,B0046,48,LiCoO2,CC,0.4802,0.0806,57.9,9.25,0.84,0.5063,0.0806,1.0001,0.3631,67.0,1.1579,End_of_Life
External,NASA_B0046,B0046,49,LiCoO2,CC,0.4797,0.0818,57.5,9.26,0.84,0.507,0.0818,1.0,0.36,66.54,1.15,End_of_Life
External,NASA_B0046,B0046,50,LiCoO2,CC,0.4798,0.0812,57.51,9.33,0.84,0.5081,0.0812,1.0003,0.3562,66.56,1.1503,End_of_Life
External,NASA_B0046,B0046,51,LiCoO2,CC,0.4777,0.0814,56.75,9.27,0.84,0.5068,0.0815,1.0002,0.3643,65.67,1.1349,End_of_Life
External,NASA_B0046,B0046,52,LiCoO2,CC,0.4783,0.0818,56.9,9.21,0.84,0.5076,0.0818,1.0003,0.359,65.85,1.1381,End_of_Life
External,NASA_B0046,B0046,53,LiCoO2,CC,0.4764,0.0822,56.19,9.17,0.84,0.5065,0.0822,1.0001,0.3593,65.02,1.1237,End_of_Life
External,NASA_B0046,B0046,54,LiCoO2,CC,0.3386,0.0904,0.0,8.57,0.84,0.5072,0.0903,0.9991,0.2265,0.0,0.0,End_of_Life
External,NASA_B0046,B0046,55,LiCoO2,CC,0.4868,0.0788,60.71,9.26,0.84,0.5068,0.0789,1.0008,0.3549,70.25,1.2141,End_of_Life
External,NASA_B0046,B0046,56,LiCoO2,CC,0.4867,0.0795,60.6,9.31,0.84,0.5069,0.0795,1.0005,0.361,70.13,1.2119,End_of_Life
External,NASA_B0046,B0046,57,LiCoO2,CC,0.4851,0.0802,59.86,9.31,0.84,0.5067,0.0803,1.0003,0.3606,69.27,1.1971,End_of_Life
External,NASA_B0046,B0046,58,LiCoO2,CC,0.4833,0.0807,59.11,9.36,0.84,0.5066,0.0807,1.0001,0.3619,68.41,1.1823,End_of_Life
External,NASA_B0046,B0046,59,LiCoO2,CC,0.4812,0.0811,58.23,9.57,0.84,0.5064,0.0811,1.0,0.3679,67.38,1.1645,End_of_Life
External,NASA_B0046,B0046,60,LiCoO2,CC,0.48,0.0814,57.68,9.61,0.84,0.5069,0.0814,1.0001,0.3673,66.75,1.1536,End_of_Life
External,NASA_B0046,B0046,61,LiCoO2,CC,0.4813,0.0813,58.01,9.66,0.84,0.5092,0.0813,0.9997,0.3518,67.13,1.1602,End_of_Life
External,NASA_B0046,B0046,62,LiCoO2,CC,0.4821,0.0809,58.56,9.66,0.84,0.507,0.0809,0.9999,0.3658,67.77,1.1712,End_of_Life
External,NASA_B0046,B0046,63,LiCoO2,CC,0.4804,0.0816,57.82,9.61,0.84,0.5067,0.0816,1.0,0.369,66.91,1.1563,End_of_Life
External,NASA_B0046,B0046,64,LiCoO2,CC,0.4786,0.0822,57.05,9.51,0.84,0.5063,0.0822,0.9998,0.3638,66.03,1.1411,End_of_Life
External,NASA_B0046,B0046,65,LiCoO2,CC,0.4781,0.0826,56.76,9.55,0.84,0.5069,0.0825,0.9996,0.3676,65.69,1.1352,End_of_Life
External,NASA_B0046,B0046,66,LiCoO2,CC,0.3482,0.1244,0.0,7.95,0.84,0.5046,0.1233,0.9914,0.1437,0.0,0.0,End_of_Life
External,NASA_B0046,B0046,67,LiCoO2,CC,0.4914,0.0787,62.65,9.69,0.84,0.5059,0.0787,0.9999,0.3623,72.51,1.2531,End_of_Life
External,NASA_B0046,B0046,68,LiCoO2,CC,0.486,0.0805,60.25,9.55,0.84,0.5063,0.0806,0.9998,0.3623,69.73,1.205,End_of_Life
External,NASA_B0046,B0046,69,LiCoO2,CC,0.4847,0.0814,59.56,9.49,0.84,0.507,0.0814,1.0003,0.3617,68.93,1.1912,End_of_Life
External,NASA_B0046,B0046,70,LiCoO2,CC,0.4827,0.0816,58.73,9.53,0.84,0.5072,0.0816,1.0001,0.3698,67.97,1.1746,End_of_Life
External,NASA_B0046,B0046,71,LiCoO2,CC,0.4805,0.0822,57.78,9.52,0.84,0.5068,0.0822,0.9997,0.3661,66.86,1.1555,End_of_Life
External,NASA_B0046,B0046,72,LiCoO2,CC,0.4805,0.0826,57.69,9.51,0.84,0.5073,0.0826,0.9997,0.363,66.76,1.1538,End_of_Life
External,NASA_B0047,B0047,1,LiCoO2,CC,0.5828,0.2112,83.72,8.27,0.84,0.5006,0.2012,0.9528,0.2843,100.0,1.6743,Healthy
External,NASA_B0047,B0047,2,LiCoO2,CC,0.5329,0.1083,76.22,8.21,0.84,0.4991,0.1066,0.9839,0.2722,91.04,1.5244,Healthy
External,NASA_B0047,B0047,3,LiCoO2,CC,0.5312,0.1089,75.4,7.95,0.84,0.5002,0.1072,0.9839,0.2782,90.07,1.5081,Healthy
External,NASA_B0047,B0047,4,LiCoO2,CC,0.5343,0.1301,74.18,7.99,0.84,0.4991,0.1273,0.9789,0.2781,88.61,1.4836,Degraded
External,NASA_B0047,B0047,5,LiCoO2,CC,0.5352,0.1399,73.36,8.01,0.84,0.4993,0.1366,0.9763,0.2822,87.63,1.4671,Degraded
External,NASA_B0047,B0047,6,LiCoO2,CC,0.5385,0.1576,72.44,8.03,0.84,0.5008,0.153,0.9712,0.2806,86.53,1.4489,Degraded
External,NASA_B0047,B0047,7,LiCoO2,CC,0.538,0.158,72.29,8.15,0.84,0.4992,0.1534,0.9709,0.2768,86.36,1.4459,Degraded
External,NASA_B0047,B0047,8,LiCoO2,CC,0.5454,0.1878,71.56,8.23,0.84,0.5007,0.1805,0.9611,0.2829,85.48,1.4311,Degraded
External,NASA_B0047,B0047,9,LiCoO2,CC,0.5463,0.1959,70.96,8.15,0.84,0.5004,0.1877,0.9583,0.2798,84.77,1.4193,Degraded
External,NASA_B0047,B0047,10,LiCoO2,CC,0.546,0.2038,70.0,8.25,0.84,0.4992,0.1947,0.9554,0.2851,83.62,1.4,Degraded
External,NASA_B0047,B0047,11,LiCoO2,CC,0.5468,0.2113,69.43,8.23,0.84,0.4994,0.2014,0.9528,0.2822,82.93,1.3885,Degraded
External,NASA_B0047,B0047,12,LiCoO2,CC,0.5462,0.2185,68.26,8.27,0.84,0.4999,0.2075,0.9498,0.2907,81.54,1.3652,Degraded
External,NASA_B0047,B0047,13,LiCoO2,CC,0.5406,0.1836,70.3,8.24,0.84,0.4987,0.1768,0.9624,0.2731,83.98,1.406,Degraded
External,NASA_B0047,B0047,14,LiCoO2,CC,0.5487,0.2104,70.29,8.16,0.84,0.4993,0.2005,0.9529,0.279,83.96,1.4058,Degraded
External,NASA_B0047,B0047,15,LiCoO2,CC,0.5487,0.2183,69.34,8.25,0.84,0.4994,0.2073,0.9498,0.2825,82.83,1.3868,Degraded
External,NASA_B0047,B0047,16,LiCoO2,CC,0.5453,0.2137,68.53,8.29,0.84,0.4997,0.2034,0.9517,0.2868,81.86,1.3705,Degraded
External,NASA_B0047,B0047,17,LiCoO2,CC,0.5486,0.2336,67.49,8.32,0.84,0.4988,0.2204,0.9434,0.2838,80.62,1.3497,Degraded
External,NASA_B0047,B0047,18,LiCoO2,CC,0.5478,0.2413,66.26,8.3,0.84,0.499,0.2269,0.9401,0.2878,79.15,1.3252,End_of_Life
External,NASA_B0047,B0047,19,LiCoO2,CC,0.5483,0.2487,65.56,8.33,0.84,0.4992,0.2332,0.9372,0.2886,78.31,1.3112,End_of_Life
External,NASA_B0047,B0047,20,LiCoO2,CC,0.3421,0.1073,0.0,7.19,0.84,0.4993,0.1056,0.984,0.1431,0.0,0.0,End_of_Life
External,NASA_B0047,B0047,21,LiCoO2,CC,0.5608,0.2784,66.97,8.39,0.84,0.4995,0.2571,0.9235,0.2913,80.0,1.3394,End_of_Life
External,NASA_B0047,B0047,22,LiCoO2,CC,0.5494,0.2629,64.25,8.3,0.84,0.4994,0.2446,0.9305,0.2886,76.74,1.2849,End_of_Life
External,NASA_B0047,B0047,23,LiCoO2,CC,0.5477,0.2588,64.09,8.32,0.84,0.4993,0.2413,0.9323,0.2873,76.55,1.2817,End_of_Life
External,NASA_B0047,B0047,24,LiCoO2,CC,0.5487,0.2713,63.0,8.4,0.84,0.4989,0.2514,0.9268,0.2864,75.26,1.26,End_of_Life
External,NASA_B0047,B0047,25,LiCoO2,CC,0.5464,0.2607,63.3,8.4,0.84,0.4996,0.2429,0.9317,0.2906,75.62,1.2661,End_of_Life
External,NASA_B0047,B0047,26,LiCoO2,CC,0.5471,0.2736,62.07,8.42,0.84,0.4993,0.2532,0.9256,0.2923,74.14,1.2414,End_of_Life
External,NASA_B0047,B0047,27,LiCoO2,CC,0.5444,0.2697,61.49,8.29,0.84,0.4987,0.2502,0.9274,0.2917,73.46,1.2299,End_of_Life
External,NASA_B0047,B0047,28,LiCoO2,CC,0.5448,0.2706,61.4,8.49,0.84,0.5006,0.2508,0.9268,0.2931,73.35,1.2281,End_of_Life
External,NASA_B0047,B0047,29,LiCoO2,CC,0.5448,0.2775,60.7,8.44,0.84,0.4988,0.2564,0.9237,0.2908,72.51,1.214,End_of_Life
External,NASA_B0047,B0047,30,LiCoO2,CC,0.542,0.2666,60.87,8.43,0.84,0.4993,0.2476,0.9289,0.2969,72.71,1.2173,End_of_Life
External,NASA_B0047,B0047,31,LiCoO2,CC,0.5411,0.2677,60.37,8.46,0.84,0.4994,0.2485,0.9283,0.2952,72.11,1.2073,End_of_Life
External,NASA_B0047,B0047,32,LiCoO2,CC,0.5411,0.2757,59.4,8.46,0.84,0.4994,0.2549,0.9244,0.2935,70.96,1.188,End_of_Life
External,NASA_B0047,B0047,33,LiCoO2,CC,0.5391,0.2703,59.32,8.49,0.84,0.4988,0.2506,0.9271,0.3001,70.85,1.1863,End_of_Life
External,NASA_B0047,B0047,34,LiCoO2,CC,0.5355,0.2264,63.07,8.47,0.84,0.4993,0.2142,0.9461,0.2848,75.34,1.2614,End_of_Life
External,NASA_B0047,B0047,35,LiCoO2,CC,0.5432,0.251,63.24,8.55,0.84,0.4988,0.2349,0.9357,0.2937,75.54,1.2648,End_of_Life
External,NASA_B0047,B0047,36,LiCoO2,CC,0.5382,0.241,62.33,8.34,0.84,0.5003,0.2266,0.9402,0.2933,74.46,1.2466,End_of_Life
External,NASA_B0047,B0047,37,LiCoO2,CC,0.5367,0.2422,61.67,8.48,0.84,0.4995,0.2276,0.9396,0.2965,73.67,1.2334,End_of_Life
External,NASA_B0047,B0047,38,LiCoO2,CC,0.5366,0.2507,60.65,8.43,0.84,0.499,0.2347,0.9358,0.298,72.44,1.2129,End_of_Life
External,NASA_B0047,B0047,39,LiCoO2,CC,0.5356,0.2527,60.0,8.47,0.84,0.4993,0.2362,0.9347,0.2925,71.67,1.1999,End_of_Life
External,NASA_B0047,B0047,40,LiCoO2,CC,0.5365,0.2596,59.51,8.51,0.84,0.4991,0.2419,0.9317,0.2958,71.09,1.1903,End_of_Life
External,NASA_B0047,B0047,41,LiCoO2,CC,0.5289,0.234,59.46,8.53,0.84,0.5001,0.2207,0.9431,0.3027,71.03,1.1893,End_of_Life
External,NASA_B0047,B0047,42,LiCoO2,CC,0.5304,0.2492,58.35,8.42,0.84,0.499,0.2333,0.9365,0.3017,69.7,1.1671,End_of_Life
External,NASA_B0047,B0047,43,LiCoO2,CC,0.5323,0.2572,58.08,8.51,0.84,0.4996,0.24,0.933,0.298,69.37,1.1615,End_of_Life
External,NASA_B0047,B0047,44,LiCoO2,CC,0.5316,0.2515,57.78,8.55,0.84,0.5086,0.2352,0.9354,0.3017,69.02,1.1556,End_of_Life
External,NASA_B0047,B0047,45,LiCoO2,CC,0.5292,0.2524,57.44,8.45,0.84,0.4993,0.236,0.935,0.2952,68.62,1.1489,End_of_Life
External,NASA_B0047,B0047,46,LiCoO2,CC,0.5288,0.2536,57.18,8.33,0.84,0.4987,0.237,0.9346,0.2937,68.3,1.1436,End_of_Life
External,NASA_B0047,B0047,47,LiCoO2,CC,0.5245,0.2398,57.09,8.55,0.84,0.499,0.2255,0.9406,0.3037,68.2,1.1418,End_of_Life
External,NASA_B0047,B0047,48,LiCoO2,CC,0.524,0.2408,56.8,8.55,0.84,0.4988,0.2263,0.9402,0.3058,67.85,1.1361,End_of_Life
External,NASA_B0047,B0047,49,LiCoO2,CC,0.5235,0.2442,56.18,8.53,0.84,0.499,0.2293,0.9386,0.3011,67.11,1.1236,End_of_Life
External,NASA_B0047,B0047,50,LiCoO2,CC,0.5196,0.2269,56.6,8.59,0.84,0.5,0.2146,0.9459,0.3048,67.61,1.132,End_of_Life
External,NASA_B0047,B0047,51,LiCoO2,CC,0.5224,0.2433,55.85,8.52,0.84,0.4987,0.2285,0.9389,0.2999,66.71,1.117,End_of_Life
External,NASA_B0047,B0047,52,LiCoO2,CC,0.5161,0.2208,56.0,8.51,0.84,0.4993,0.2094,0.9484,0.306,66.9,1.12,End_of_Life
External,NASA_B0047,B0047,53,LiCoO2,CC,0.5197,0.238,55.3,8.45,0.84,0.5002,0.224,0.9414,0.2954,66.06,1.106,End_of_Life
External,NASA_B0047,B0047,54,LiCoO2,CC,0.3369,0.0906,0.0,8.05,0.84,0.4988,0.0894,0.9867,0.2252,0.0,0.0,End_of_Life
External,NASA_B0047,B0047,55,LiCoO2,CC,0.5357,0.2563,59.54,8.48,0.84,0.4995,0.2392,0.9331,0.2921,71.12,1.1908,End_of_Life
External,NASA_B0047,B0047,56,LiCoO2,CC,0.5266,0.222,60.06,8.57,0.84,0.499,0.2105,0.9479,0.3002,71.75,1.2012,End_of_Life
External,NASA_B0047,B0047,57,LiCoO2,CC,0.5185,0.1996,59.53,8.61,0.84,0.499,0.1909,0.9564,0.3039,71.12,1.1907,End_of_Life
External,NASA_B0047,B0047,58,LiCoO2,CC,0.52,0.2095,58.82,8.71,0.84,0.5005,0.1996,0.9529,0.2975,70.26,1.1764,End_of_Life
External,NASA_B0047,B0047,59,LiCoO2,CC,0.5181,0.2102,58.14,9.0,0.84,0.4985,0.2001,0.9524,0.3025,69.45,1.1628,End_of_Life
External,NASA_B0047,B0047,60,LiCoO2,CC,0.5171,0.2113,57.58,9.03,0.84,0.4988,0.2011,0.9518,0.3008,68.78,1.1516,End_of_Life
External,NASA_B0047,B0047,61,LiCoO2,CC,0.5178,0.2109,57.92,9.03,0.84,0.4988,0.2007,0.9517,0.2948,69.18,1.1584,End_of_Life
External,NASA_B0047,B0047,62,LiCoO2,CC,0.5247,0.2262,58.46,9.07,0.84,0.5035,0.214,0.9458,0.299,69.83,1.1692,End_of_Life
External,NASA_B0047,B0047,63,LiCoO2,CC,0.5181,0.2115,57.94,9.05,0.84,0.4992,0.2013,0.9518,0.3027,69.21,1.1588,End_of_Life
External,NASA_B0047,B0047,64,LiCoO2,CC,0.5115,0.1958,57.2,8.99,0.84,0.4988,0.1875,0.9578,0.3049,68.32,1.144,End_of_Life
External,NASA_B0047,B0047,65,LiCoO2,CC,0.5139,0.2055,56.92,9.04,0.84,0.4999,0.1961,0.9542,0.3038,67.99,1.1384,End_of_Life
External,NASA_B0047,B0047,66,LiCoO2,CC,0.3471,0.1245,0.0,7.7,0.84,0.4986,0.122,0.9792,0.1486,0.0,0.0,End_of_Life
External,NASA_B0047,B0047,67,LiCoO2,CC,0.5431,0.269,61.07,9.1,0.84,0.4987,0.2493,0.927,0.2943,72.94,1.2213,End_of_Life
External,NASA_B0047,B0047,68,LiCoO2,CC,0.5229,0.2087,60.16,9.01,0.84,0.4994,0.1988,0.9527,0.2999,71.86,1.2031,End_of_Life
External,NASA_B0047,B0047,69,LiCoO2,CC,0.5165,0.1933,59.49,8.96,0.84,0.499,0.1854,0.9591,0.3011,71.06,1.1897,End_of_Life
External,NASA_B0047,B0047,70,LiCoO2,CC,0.5179,0.203,58.87,8.97,0.84,0.499,0.194,0.9554,0.3038,70.32,1.1774,End_of_Life
External,NASA_B0047,B0047,71,LiCoO2,CC,0.5135,0.1956,57.92,9.04,0.84,0.5002,0.1873,0.9577,0.3051,69.19,1.1584,End_of_Life
External,NASA_B0047,B0047,72,LiCoO2,CC,0.5134,0.1967,57.84,9.01,0.84,0.4988,0.1883,0.9573,0.3011,69.09,1.1567,End_of_Life
External,NASA_B0048,B0048,1,LiCoO2,CC,0.5991,0.2725,82.9,7.91,0.84,0.5004,0.253,0.9277,0.252,100.0,1.658,Healthy
External,NASA_B0048,B0048,2,LiCoO2,CC,0.5575,0.1965,75.38,7.96,0.84,0.5004,0.1886,0.9596,0.2453,90.93,1.5077,Healthy
External,NASA_B0048,B0048,3,LiCoO2,CC,0.5531,0.1844,74.95,7.71,0.84,0.5023,0.1777,0.9641,0.2519,90.41,1.4989,Healthy
External,NASA_B0048,B0048,4,LiCoO2,CC,0.5544,0.1987,73.91,7.71,0.84,0.5002,0.1907,0.9591,0.2456,89.16,1.4783,Degraded
External,NASA_B0048,B0048,5,LiCoO2,CC,0.5548,0.2062,73.09,7.73,0.84,0.5012,0.1973,0.9562,0.2465,88.17,1.4619,Degraded
External,NASA_B0048,B0048,6,LiCoO2,CC,0.5536,0.2073,72.55,7.71,0.84,0.5004,0.1981,0.9556,0.2469,87.51,1.451,Degraded
External,NASA_B0048,B0048,7,LiCoO2,CC,0.5521,0.2013,72.59,7.85,0.84,0.501,0.1929,0.9578,0.2458,87.56,1.4517,Degraded
External,NASA_B0048,B0048,8,LiCoO2,CC,0.5567,0.2204,72.22,7.91,0.84,0.5004,0.2095,0.9503,0.2499,87.12,1.4444,Degraded
External,NASA_B0048,B0048,9,LiCoO2,CC,0.5538,0.2156,71.64,7.85,0.84,0.5003,0.2056,0.9524,0.2497,86.41,1.4327,Degraded
External,NASA_B0048,B0048,10,LiCoO2,CC,0.554,0.2229,70.86,7.93,0.84,0.4999,0.2118,0.9494,0.2544,85.48,1.4172,Degraded
External,NASA_B0048,B0048,11,LiCoO2,CC,0.5532,0.2242,70.29,7.94,0.84,0.501,0.2129,0.9492,0.2516,84.79,1.4058,Degraded
External,NASA_B0048,B0048,12,LiCoO2,CC,0.5551,0.2372,69.51,7.97,0.84,0.5005,0.224,0.9439,0.2546,83.85,1.3903,Degraded
External,NASA_B0048,B0048,13,LiCoO2,CC,0.5529,0.2175,70.98,7.89,0.84,0.5007,0.207,0.9514,0.2395,85.63,1.4197,Degraded
External,NASA_B0048,B0048,14,LiCoO2,CC,0.558,0.2353,70.95,7.81,0.84,0.4999,0.2224,0.9442,0.2449,85.59,1.4191,Degraded
External,NASA_B0048,B0048,15,LiCoO2,CC,0.5566,0.237,70.21,7.87,0.84,0.4999,0.2237,0.9438,0.2487,84.7,1.4043,Degraded
External,NASA_B0048,B0048,16,LiCoO2,CC,0.552,0.2266,69.58,7.87,0.84,0.5003,0.2149,0.948,0.252,83.93,1.3916,Degraded
External,NASA_B0048,B0048,17,LiCoO2,CC,0.5538,0.2398,68.75,7.89,0.84,0.5001,0.2262,0.9425,0.2519,82.93,1.375,Degraded
External,NASA_B0048,B0048,18,LiCoO2,CC,0.5554,0.2535,67.73,7.91,0.84,0.4999,0.2376,0.9366,0.2513,81.7,1.3545,Degraded
External,NASA_B0048,B0048,19,LiCoO2,CC,0.5544,0.2549,67.2,7.93,0.84,0.4999,0.2388,0.936,0.2531,81.06,1.344,Degraded
External,NASA_B0048,B0048,20,LiCoO2,CC,0.3422,0.1075,0.0,7.08,0.84,0.4997,0.106,0.9855,0.1361,0.0,0.0,End_of_Life
External,NASA_B0048,B0048,21,LiCoO2,CC,0.5651,0.2786,68.62,7.95,0.84,0.4999,0.258,0.925,0.259,82.77,1.3724,Degraded
External,NASA_B0048,B0048,22,LiCoO2,CC,0.5555,0.2688,65.92,7.89,0.84,0.5003,0.2501,0.9297,0.2532,79.52,1.3184,End_of_Life
External,NASA_B0048,B0048,23,LiCoO2,CC,0.5519,0.2589,65.56,7.91,0.84,0.5018,0.2422,0.9341,0.2526,79.09,1.3113,End_of_Life
External,NASA_B0048,B0048,24,LiCoO2,CC,0.5536,0.2716,64.85,7.97,0.84,0.5001,0.2524,0.9284,0.2519,78.23,1.297,End_of_Life
External,NASA_B0048,B0048,25,LiCoO2,CC,0.5489,0.2547,64.98,7.99,0.84,0.5003,0.2387,0.9362,0.2563,78.38,1.2995,End_of_Life
External,NASA_B0048,B0048,26,LiCoO2,CC,0.5508,0.2681,64.13,7.99,0.84,0.5002,0.2495,0.93,0.2585,77.36,1.2826,End_of_Life
External,NASA_B0048,B0048,27,LiCoO2,CC,0.5474,0.2578,63.76,7.88,0.84,0.5033,0.2411,0.9348,0.2596,76.92,1.2753,End_of_Life
External,NASA_B0048,B0048,28,LiCoO2,CC,0.5452,0.2524,63.68,8.05,0.84,0.5013,0.2367,0.9371,0.2619,76.81,1.2736,End_of_Life
External,NASA_B0048,B0048,29,LiCoO2,CC,0.5471,0.2656,62.97,7.99,0.84,0.5001,0.2476,0.9311,0.2586,75.96,1.2594,End_of_Life
External,NASA_B0048,B0048,30,LiCoO2,CC,0.5423,0.2477,63.16,8.03,0.84,0.5003,0.2329,0.9395,0.263,76.19,1.2632,End_of_Life
External,NASA_B0048,B0048,31,LiCoO2,CC,0.5429,0.2554,62.46,8.04,0.84,0.5005,0.2393,0.9359,0.2587,75.34,1.2492,End_of_Life
External,NASA_B0048,B0048,32,LiCoO2,CC,0.5434,0.2635,61.7,8.03,0.84,0.5005,0.246,0.9323,0.258,74.43,1.234,End_of_Life
External,NASA_B0048,B0048,33,LiCoO2,CC,0.5385,0.2444,62.0,8.1,0.84,0.5008,0.2301,0.9407,0.2659,74.79,1.24,End_of_Life
External,NASA_B0048,B0048,34,LiCoO2,CC,0.5367,0.2124,65.19,8.02,0.84,0.5002,0.2028,0.9538,0.2494,78.63,1.3037,End_of_Life
External,NASA_B0048,B0048,35,LiCoO2,CC,0.5439,0.2314,65.75,8.11,0.84,0.5004,0.2193,0.9461,0.2588,79.32,1.3151,End_of_Life
External,NASA_B0048,B0048,36,LiCoO2,CC,0.5395,0.2274,64.44,7.9,0.84,0.5007,0.2157,0.9478,0.2562,77.74,1.2889,End_of_Life
External,NASA_B0048,B0048,37,LiCoO2,CC,0.5331,0.2066,64.39,8.04,0.84,0.5006,0.1977,0.956,0.2639,77.67,1.2877,End_of_Life
External,NASA_B0048,B0048,38,LiCoO2,CC,0.5354,0.223,63.37,7.95,0.84,0.5004,0.2119,0.9496,0.2626,76.44,1.2673,End_of_Life
External,NASA_B0048,B0048,39,LiCoO2,CC,0.5338,0.2248,62.53,8.0,0.84,0.5004,0.2134,0.9488,0.2585,75.43,1.2506,End_of_Life
External,NASA_B0048,B0048,40,LiCoO2,CC,0.5336,0.225,62.44,8.03,0.84,0.5002,0.2137,0.9486,0.2611,75.31,1.2487,End_of_Life
External,NASA_B0048,B0048,41,LiCoO2,CC,0.5247,0.1953,62.4,8.03,0.84,0.5008,0.1877,0.9603,0.2666,75.27,1.248,End_of_Life
External,NASA_B0048,B0048,42,LiCoO2,CC,0.5282,0.2126,61.5,7.97,0.84,0.5031,0.203,0.9539,0.2662,74.19,1.2301,End_of_Life
External,NASA_B0048,B0048,43,LiCoO2,CC,0.527,0.2132,61.22,7.99,0.84,0.5001,0.2036,0.9535,0.2657,73.85,1.2244,End_of_Life
External,NASA_B0048,B0048,44,LiCoO2,CC,0.5243,0.2062,60.93,8.06,0.84,0.5005,0.1973,0.9562,0.2678,73.5,1.2187,End_of_Life
External,NASA_B0048,B0048,45,LiCoO2,CC,0.5274,0.223,60.19,7.98,0.84,0.5003,0.2119,0.9495,0.2584,72.6,1.2038,End_of_Life
External,NASA_B0048,B0048,46,LiCoO2,CC,0.5266,0.224,59.74,7.84,0.84,0.5005,0.2131,0.9493,0.258,72.06,1.1948,End_of_Life
External,NASA_B0048,B0048,47,LiCoO2,CC,0.5181,0.1913,60.26,8.08,0.84,0.5005,0.1841,0.9617,0.2685,72.69,1.2052,End_of_Life
External,NASA_B0048,B0048,48,LiCoO2,CC,0.5197,0.2008,59.78,8.06,0.84,0.5002,0.1927,0.9583,0.2686,72.11,1.1956,End_of_Life
External,NASA_B0048,B0048,49,LiCoO2,CC,0.5169,0.1944,59.44,8.05,0.84,0.5001,0.1868,0.9605,0.2682,71.7,1.1888,End_of_Life
External,NASA_B0048,B0048,50,LiCoO2,CC,0.5143,0.1839,59.58,8.08,0.84,0.5011,0.1774,0.9641,0.2664,71.87,1.1916,End_of_Life
External,NASA_B0048,B0048,51,LiCoO2,CC,0.5201,0.2115,58.63,7.99,0.84,0.5002,0.2019,0.9542,0.2623,70.73,1.1727,End_of_Life
External,NASA_B0048,B0048,52,LiCoO2,CC,0.5077,0.1653,59.21,7.97,0.84,0.5006,0.1607,0.9704,0.2692,71.42,1.1841,End_of_Life
External,NASA_B0048,B0048,53,LiCoO2,CC,0.5164,0.2048,57.88,7.92,0.84,0.5009,0.1963,0.9569,0.2596,69.82,1.1577,End_of_Life
External,NASA_B0048,B0048,54,LiCoO2,CC,0.3372,0.0907,0.0,7.63,0.84,0.5001,0.0896,0.9887,0.2016,0.0,0.0,End_of_Life
External,NASA_B0048,B0048,55,LiCoO2,CC,0.5314,0.2126,62.97,7.94,0.84,0.5012,0.2028,0.9537,0.2576,75.96,1.2594,End_of_Life
External,NASA_B0048,B0048,56,LiCoO2,CC,0.5164,0.1605,63.29,8.02,0.84,0.5001,0.156,0.9719,0.2662,76.35,1.2659,End_of_Life
External,NASA_B0048,B0048,57,LiCoO2,CC,0.5116,0.1514,62.36,8.03,0.84,0.5015,0.1476,0.9746,0.2637,75.23,1.2473,End_of_Life
External,NASA_B0048,B0048,58,LiCoO2,CC,0.5099,0.1523,61.64,8.08,0.84,0.5005,0.1485,0.9743,0.2636,74.36,1.2328,End_of_Life
External,NASA_B0048,B0048,59,LiCoO2,CC,0.5064,0.1413,61.6,8.28,0.84,0.5001,0.1383,0.9773,0.2699,74.3,1.232,End_of_Life
External,NASA_B0048,B0048,60,LiCoO2,CC,0.5052,0.1419,61.04,8.3,0.84,0.4999,0.1387,0.977,0.2689,73.63,1.2208,End_of_Life
External,NASA_B0048,B0048,61,LiCoO2,CC,0.5061,0.1417,61.38,8.28,0.84,0.5007,0.1385,0.9767,0.2596,74.04,1.2275,End_of_Life
External,NASA_B0048,B0048,62,LiCoO2,CC,0.5136,0.1526,61.93,8.35,0.84,0.5146,0.1488,0.9738,0.2676,74.71,1.2387,End_of_Life
External,NASA_B0048,B0048,63,LiCoO2,CC,0.5025,0.1295,61.42,8.34,0.84,0.5006,0.1273,0.9803,0.2706,74.09,1.2284,End_of_Life
External,NASA_B0048,B0048,64,LiCoO2,CC,0.5003,0.1307,60.48,8.26,0.84,0.4997,0.1281,0.9802,0.2671,72.95,1.2095,End_of_Life
External,NASA_B0048,B0048,65,LiCoO2,CC,0.4962,0.1172,60.41,8.29,0.84,0.5001,0.1152,0.9834,0.271,72.87,1.2082,End_of_Life
External,NASA_B0048,B0048,66,LiCoO2,CC,0.3472,0.1242,0.0,7.38,0.84,0.4998,0.1219,0.9815,0.1382,0.0,0.0,End_of_Life
External,NASA_B0048,B0048,67,LiCoO2,CC,0.5336,0.2038,64.99,8.32,0.84,0.4999,0.1952,0.9566,0.2615,78.4,1.2999,End_of_Life
External,NASA_B0048,B0048,68,LiCoO2,CC,0.5108,0.1403,63.46,8.24,0.84,0.5002,0.1374,0.9773,0.2612,76.55,1.2691,End_of_Life
External,NASA_B0048,B0048,69,LiCoO2,CC,0.5016,0.1152,62.78,8.19,0.84,0.5004,0.1134,0.984,0.263,75.72,1.2555,End_of_Life
External,NASA_B0048,B0048,70,LiCoO2,CC,0.4967,0.1001,62.6,8.23,0.84,0.501,0.0989,0.9872,0.2688,75.51,1.252,End_of_Life
External,NASA_B0048,B0048,71,LiCoO2,CC,0.4895,0.0823,61.87,8.24,0.84,0.5006,0.0816,0.9901,0.2706,74.64,1.2375,End_of_Life
External,NASA_B0048,B0048,72,LiCoO2,CC,0.4935,0.1015,61.16,8.22,0.84,0.5006,0.1002,0.9866,0.2655,73.77,1.2231,End_of_Life
External,NASA_B0049,B0049,1,LiCoO2,CC,0.5509,0.1051,42.92,13.05,0.84,1.0105,0.2092,1.9911,0.2709,100.0,0.8584,Healthy
External,NASA_B0049,B0049,2,LiCoO2,CC,0.6814,0.3076,71.05,12.63,0.84,1.0077,0.5655,1.8383,0.3753,100.0,1.4209,Healthy
External,NASA_B0049,B0049,3,LiCoO2,CC,0.6552,0.2405,68.64,12.63,0.84,1.0074,0.4575,1.9024,0.4471,100.0,1.3729,Healthy
External,NASA_B0049,B0049,4,LiCoO2,CC,0.7023,0.4004,68.22,11.46,0.84,1.008,0.6946,1.7344,0.3434,100.0,1.3644,Healthy
External,NASA_B0049,B0049,5,LiCoO2,CC,0.6814,0.0656,100.0,14.67,0.84,1.0084,0.1316,2.0046,0.3632,100.0,2.3786,Healthy
External,NASA_B0049,B0049,6,LiCoO2,CC,0.8897,1.1517,53.03,10.16,0.84,1.008,0.9954,0.8642,0.4045,100.0,1.0605,Healthy
External,NASA_B0049,B0049,7,LiCoO2,CC,0.6825,0.4831,50.35,12.75,0.84,1.0083,0.7884,1.6317,0.4309,100.0,1.007,Healthy
External,NASA_B0049,B0049,8,LiCoO2,CC,0.6936,0.5527,46.49,12.86,0.84,1.008,0.8521,1.5415,0.4708,100.0,0.9299,Healthy
External,NASA_B0049,B0049,9,LiCoO2,CC,0.6912,0.5475,46.16,12.78,0.84,1.0078,0.8478,1.5481,0.4559,100.0,0.9232,Healthy
External,NASA_B0049,B0049,10,LiCoO2,CC,0.7545,0.7658,45.27,11.6,0.84,1.0079,0.9712,1.268,0.4212,100.0,0.9053,Healthy
External,NASA_B0049,B0049,11,LiCoO2,CC,0.5497,0.1022,42.98,12.46,0.84,1.008,0.2036,1.9919,0.4584,100.0,0.8596,Healthy
External,NASA_B0049,B0049,12,LiCoO2,CC,0.7073,0.6368,41.85,12.69,0.84,1.0084,0.9117,1.4316,0.4751,97.51,0.837,Healthy
External,NASA_B0049,B0049,13,LiCoO2,CC,0.7434,0.7537,42.28,12.07,0.84,1.0077,0.967,1.2828,0.4375,98.52,0.8457,Healthy
External,NASA_B0049,B0049,14,LiCoO2,CC,0.5438,0.1044,40.36,12.93,0.84,1.0079,0.2079,1.9913,0.4662,94.03,0.8071,Healthy
External,NASA_B0049,B0049,15,LiCoO2,CC,0.5414,0.1071,39.1,12.53,0.84,1.0076,0.2131,1.9901,0.4475,91.11,0.7821,Healthy
External,NASA_B0049,B0049,16,LiCoO2,CC,0.5438,0.1093,39.77,12.34,0.84,1.0078,0.2174,1.9889,0.4206,92.65,0.7953,Healthy
External,NASA_B0049,B0049,17,LiCoO2,CC,0.5018,0.3012,0.0,7.44,0.84,1.0071,0.5559,1.8456,0.1904,0.0,0.0,End_of_Life
External,NASA_B0049,B0049,18,LiCoO2,CC,0.5402,0.1053,38.76,13.19,0.84,1.0086,0.2096,1.991,0.463,90.31,0.7752,Healthy
External,NASA_B0049,B0049,19,LiCoO2,CC,0.6888,0.6028,38.56,12.74,0.84,1.0081,0.8898,1.4761,0.4513,89.84,0.7712,Degraded
External,NASA_B0049,B0049,20,LiCoO2,CC,0.5401,0.1121,37.93,12.43,0.84,1.0081,0.2228,1.9881,0.4163,88.37,0.7585,Degraded
External,NASA_B0049,B0049,21,LiCoO2,CC,0.5361,0.1087,36.75,13.38,0.84,1.0079,0.2163,1.9894,0.4572,85.62,0.7349,Degraded
External,NASA_B0049,B0049,22,LiCoO2,CC,0.5381,0.1146,36.83,12.3,0.84,1.008,0.2281,1.987,0.411,85.82,0.7367,Degraded
External,NASA_B0049,B0049,23,LiCoO2,CC,0.5337,0.1114,35.47,13.15,0.84,1.0082,0.2214,1.9885,0.4628,82.64,0.7094,Degraded
External,NASA_B0049,B0049,24,LiCoO2,CC,0.5361,0.1158,35.93,12.42,0.84,1.0077,0.2299,1.9865,0.4251,83.72,0.7186,Degraded
External,NASA_B0049,B0049,25,LiCoO2,CC,0.5318,0.1126,34.57,13.21,0.84,1.0081,0.2239,1.9878,0.4649,80.55,0.6914,Degraded
External,NASA_B0050,B0050,1,LiCoO2,CC,0.5641,0.1494,43.16,14.11,0.84,1.0069,0.294,1.9679,0.2313,100.0,0.8631,Healthy
External,NASA_B0050,B0050,2,LiCoO2,CC,0.6408,0.0775,82.44,12.88,0.84,1.0074,0.155,2.0001,0.3012,100.0,1.6488,Healthy
External,NASA_B0050,B0050,3,LiCoO2,CC,0.6352,0.0782,80.08,12.44,0.84,1.0078,0.1565,2.0002,0.3368,100.0,1.6016,Healthy
External,NASA_B0050,B0050,4,LiCoO2,CC,0.6294,0.0795,77.59,12.07,0.84,1.0081,0.159,1.9994,0.3458,100.0,1.5518,Healthy
External,NASA_B0050,B0050,5,LiCoO2,CC,2.735,7.7319,1.63,5.79,0.84,1.0067,0.2267,0.0293,0.4514,3.77,0.0326,End_of_Life
External,NASA_B0050,B0050,6,LiCoO2,CC,0.68,0.0604,100.0,15.24,0.84,1.0094,0.1212,2.0056,0.471,100.0,2.6401,Healthy
External,NASA_B0050,B0050,7,LiCoO2,CC,0.6075,0.0865,67.95,12.39,0.84,1.0084,0.1728,1.9977,0.3226,100.0,1.359,Healthy
External,NASA_B0050,B0050,8,LiCoO2,CC,0.6092,0.0859,68.71,12.49,0.84,1.0081,0.1715,1.9979,0.3426,100.0,1.3742,Healthy
External,NASA_B0050,B0050,9,LiCoO2,CC,0.6069,0.0873,67.64,12.22,0.84,1.0083,0.1744,1.9973,0.3312,100.0,1.3528,Healthy
External,NASA_B0050,B0050,10,LiCoO2,CC,0.6065,0.0822,68.04,13.39,0.84,1.0086,0.1644,1.9988,0.4401,100.0,1.3607,Healthy
External,NASA_B0050,B0050,11,LiCoO2,CC,0.7844,1.0237,26.34,9.4,0.84,1.0073,1.0047,0.9813,0.5756,61.04,0.5269,End_of_Life
External,NASA_B0050,B0050,12,LiCoO2,CC,0.6133,0.0875,70.01,12.72,0.84,1.0102,0.1748,1.9975,0.2876,100.0,1.4003,Healthy
External,NASA_B0050,B0050,13,LiCoO2,CC,0.6158,0.0846,71.45,14.94,0.84,1.0091,0.169,1.9977,0.3222,100.0,1.4289,Healthy
External,NASA_B0050,B0050,14,LiCoO2,CC,1.3225,3.0063,3.83,7.21,0.84,1.005,0.5944,0.1977,0.2567,8.87,0.0766,End_of_Life
External,NASA_B0050,B0050,15,LiCoO2,CC,0.7206,0.7917,28.68,12.12,0.84,1.0066,0.9778,1.235,0.3168,66.47,0.5737,End_of_Life
External,NASA_B0050,B0050,16,LiCoO2,CC,0.8625,1.3781,15.07,9.06,0.84,1.0066,0.9533,0.6918,0.2937,34.93,0.3015,End_of_Life
External,NASA_B0050,B0050,17,LiCoO2,CC,0.5016,0.3013,0.0,7.6,0.84,1.006,0.5555,1.8435,0.1382,0.0,0.0,End_of_Life
External,NASA_B0050,B0050,18,LiCoO2,CC,1.0904,2.1884,8.98,7.2,0.84,1.0071,0.7554,0.3451,1.3662,20.8,0.1796,End_of_Life
External,NASA_B0050,B0050,19,LiCoO2,CC,0.5943,0.1171,58.96,12.06,0.84,1.0088,0.2328,1.9855,0.3521,100.0,1.1792,Healthy
External,NASA_B0050,B0050,20,LiCoO2,CC,1.1502,2.4235,4.81,7.6,0.84,1.0057,0.7018,0.2896,0.3138,11.14,0.0962,End_of_Life
External,NASA_B0050,B0050,21,LiCoO2,CC,0.8423,1.321,13.9,10.19,0.84,1.006,0.965,0.7305,0.3421,32.22,0.2781,End_of_Life
External,NASA_B0051,B0051,1,LiCoO2,CC,0.6732,0.6124,32.17,13.52,0.84,0.9952,0.8848,1.4447,0.2495,100.0,0.6435,Healthy
External,NASA_B0051,B0051,2,LiCoO2,CC,0.7316,0.5365,64.66,12.33,0.84,0.995,0.8279,1.5428,0.2873,100.0,1.2932,Healthy
External,NASA_B0051,B0051,3,LiCoO2,CC,0.7395,0.5895,61.44,11.79,0.84,0.9954,0.8693,1.4747,0.2852,100.0,1.2289,Healthy
External,NASA_B0051,B0051,4,LiCoO2,CC,0.7303,0.5692,60.2,11.79,0.84,0.9951,0.8543,1.5007,0.3005,100.0,1.2039,Healthy
External,NASA_B0051,B0051,5,LiCoO2,CC,0.7245,0.2174,100.0,14.86,0.84,0.9962,0.4126,1.8969,0.3215,100.0,2.3309,Healthy
External,NASA_B0051,B0051,6,LiCoO2,CC,0.9251,1.2994,50.46,9.41,0.84,0.9953,0.9584,0.7375,0.3185,100.0,1.0093,Healthy
External,NASA_B0051,B0051,7,LiCoO2,CC,0.7203,0.638,47.83,12.0,0.84,0.9964,0.9009,1.4121,0.3406,100.0,0.9566,Healthy
External,NASA_B0051,B0051,8,LiCoO2,CC,0.7441,0.741,45.1,11.42,0.84,0.9951,0.9502,1.2823,0.3283,100.0,0.902,Healthy
External,NASA_B0051,B0051,9,LiCoO2,CC,0.7285,0.694,44.49,11.8,0.84,0.9954,0.9306,1.3408,0.352,100.0,0.8898,Healthy
External,NASA_B0051,B0051,10,LiCoO2,CC,0.7781,0.8622,44.15,10.94,0.84,0.9955,0.9821,1.139,0.3325,100.0,0.8831,Healthy
External,NASA_B0051,B0051,11,LiCoO2,CC,0.6483,0.4456,42.16,11.88,0.84,0.9961,0.7391,1.6579,0.3163,100.0,0.8431,Healthy
External,NASA_B0051,B0051,12,LiCoO2,CC,0.7546,0.8073,41.33,11.1,0.84,0.9954,0.9708,1.2025,0.3362,100.0,0.8266,Healthy
External,NASA_B0051,B0051,13,LiCoO2,CC,0.7644,0.8364,41.76,11.41,0.84,0.9951,0.9773,1.1684,0.3582,100.0,0.8353,Healthy
External,NASA_B0051,B0051,14,LiCoO2,CC,0.6414,0.4396,40.13,12.2,0.84,0.9959,0.7325,1.6653,0.346,100.0,0.8026,Healthy
External,NASA_B0051,B0051,15,LiCoO2,CC,0.6348,0.4254,39.2,11.83,0.84,0.9958,0.7162,1.6833,0.3273,100.0,0.7839,Healthy
External,NASA_B0051,B0051,16,LiCoO2,CC,0.6209,0.3765,39.55,11.84,0.84,0.9954,0.6555,1.7406,0.3235,100.0,0.7911,Healthy
External,NASA_B0051,B0051,17,LiCoO2,CC,0.4994,0.3012,0.0,7.05,0.84,0.995,0.549,1.8229,0.1669,0.0,0.0,End_of_Life
External,NASA_B0051,B0051,18,LiCoO2,CC,0.6591,0.5134,38.27,12.01,0.84,0.9971,0.8078,1.5729,0.3396,100.0,0.7655,Healthy
External,NASA_B0051,B0051,19,LiCoO2,CC,0.7204,0.7153,38.66,11.69,0.84,0.9956,0.9401,1.3143,0.3564,100.0,0.7732,Healthy
External,NASA_B0051,B0051,20,LiCoO2,CC,0.6105,0.3546,38.03,11.99,0.84,0.9954,0.6261,1.7653,0.3428,100.0,0.7605,Healthy
External,NASA_B0051,B0051,21,LiCoO2,CC,0.6396,0.461,36.88,12.37,0.84,0.9953,0.7559,1.6393,0.3591,100.0,0.7376,Healthy
External,NASA_B0051,B0051,22,LiCoO2,CC,0.6108,0.3636,36.96,11.81,0.84,0.9968,0.6383,1.7554,0.3385,100.0,0.7392,Healthy
External,NASA_B0051,B0051,23,LiCoO2,CC,0.6449,0.4929,35.07,12.09,0.84,0.9967,0.7889,1.6006,0.3613,100.0,0.7015,Healthy
External,NASA_B0051,B0051,24,LiCoO2,CC,0.6242,0.4227,35.24,11.8,0.84,0.9966,0.7137,1.6881,0.3391,100.0,0.7047,Healthy
External,NASA_B0051,B0051,25,LiCoO2,CC,0.6472,0.5104,33.89,12.08,0.84,0.9969,0.8056,1.5784,0.364,100.0,0.6778,Healthy
External,NASA_B0052,B0052,1,LiCoO2,CC,0.6133,0.3198,43.03,13.15,0.84,0.999,0.5789,1.8087,0.1991,100.0,0.8607,Healthy
External,NASA_B0052,B0052,2,LiCoO2,CC,0.7313,0.4809,70.92,11.75,0.84,0.9988,0.7789,1.619,0.2548,100.0,1.4183,Healthy
External,NASA_B0052,B0052,3,LiCoO2,CC,0.7342,0.51,68.54,11.38,0.84,0.9994,0.8074,1.582,0.2569,100.0,1.3707,Healthy
External,NASA_B0052,B0052,4,LiCoO2,CC,0.7263,0.4917,67.58,11.24,0.84,0.999,0.7899,1.6053,0.2504,100.0,1.3516,Healthy
External,NASA_B0053,B0053,1,LiCoO2,CC,0.5743,0.0968,53.46,11.99,0.84,1.0079,0.1929,1.9936,0.3673,100.0,1.0691,Healthy
External,NASA_B0053,B0053,2,LiCoO2,CC,0.5837,0.093,57.7,12.06,0.84,1.0079,0.1856,1.9953,0.4015,100.0,1.1541,Healthy
External,NASA_B0053,B0053,3,LiCoO2,CC,0.5835,0.0939,57.51,11.97,0.84,1.0079,0.1873,1.9953,0.4196,100.0,1.1502,Healthy
External,NASA_B0053,B0053,4,LiCoO2,CC,0.5813,0.0947,56.53,11.99,0.84,1.0079,0.1888,1.9947,0.4093,100.0,1.1306,Healthy
External,NASA_B0053,B0053,5,LiCoO2,CC,0.5803,0.0951,56.09,12.0,0.84,1.0077,0.1896,1.9947,0.4143,100.0,1.1218,Healthy
External,NASA_B0053,B0053,6,LiCoO2,CC,0.5793,0.0953,55.68,12.13,0.84,1.0076,0.19,1.9945,0.4106,100.0,1.1136,Healthy
External,NASA_B0053,B0053,7,LiCoO2,CC,0.576,0.0951,54.32,12.33,0.84,1.0083,0.1896,1.9944,0.4213,100.0,1.0865,Healthy
External,NASA_B0053,B0053,8,LiCoO2,CC,0.5733,0.0955,53.24,12.16,0.84,1.0081,0.1904,1.9945,0.4305,99.59,1.0647,Healthy
External,NASA_B0053,B0053,9,LiCoO2,CC,0.5755,0.0961,54.05,12.13,0.84,1.008,0.1918,1.9943,0.4461,100.0,1.0809,Healthy
External,NASA_B0053,B0053,10,LiCoO2,CC,0.5762,0.0966,54.26,12.25,0.84,1.0079,0.1926,1.9942,0.4154,100.0,1.0853,Healthy
External,NASA_B0053,B0053,11,LiCoO2,CC,0.5717,0.0965,52.52,12.19,0.84,1.0073,0.1925,1.9941,0.4301,98.25,1.0505,Healthy
External,NASA_B0053,B0053,12,LiCoO2,CC,0.5767,0.0975,54.27,12.16,0.84,1.0088,0.1944,1.9937,0.4095,100.0,1.0854,Healthy
External,NASA_B0053,B0053,13,LiCoO2,CC,0.572,0.0971,52.54,12.29,0.84,1.0076,0.1936,1.994,0.4296,98.29,1.0508,Healthy
External,NASA_B0053,B0053,14,LiCoO2,CC,0.5735,0.0977,53.05,12.13,0.84,1.0081,0.1949,1.9937,0.4475,99.23,1.0609,Healthy
External,NASA_B0053,B0053,15,LiCoO2,CC,0.5747,0.098,53.53,12.36,0.84,1.0076,0.1953,1.9936,0.4143,100.0,1.0706,Healthy
External,NASA_B0053,B0053,16,LiCoO2,CC,0.5691,0.0982,51.2,12.13,0.84,1.0079,0.1958,1.9937,0.4383,95.78,1.024,Healthy
External,NASA_B0053,B0053,17,LiCoO2,CC,0.5745,0.0986,53.35,12.3,0.84,1.0076,0.1966,1.9931,0.4099,99.81,1.0671,Healthy
External,NASA_B0053,B0053,18,LiCoO2,CC,0.5696,0.0984,51.4,12.37,0.84,1.0077,0.1963,1.9931,0.4292,96.14,1.0279,Healthy
External,NASA_B0053,B0053,19,LiCoO2,CC,0.5705,0.0989,51.63,12.13,0.84,1.0087,0.1971,1.9933,0.4472,96.58,1.0325,Healthy
External,NASA_B0053,B0053,20,LiCoO2,CC,0.5737,0.0999,52.8,12.15,0.84,1.0084,0.1991,1.9926,0.419,98.77,1.0559,Healthy
External,NASA_B0053,B0053,21,LiCoO2,CC,0.5718,0.0992,52.23,12.49,0.84,1.0075,0.1978,1.9929,0.423,97.7,1.0445,Healthy
External,NASA_B0053,B0053,22,LiCoO2,CC,0.5705,0.0985,51.77,12.21,0.84,1.0078,0.1963,1.9928,0.4109,96.84,1.0353,Healthy
External,NASA_B0053,B0053,23,LiCoO2,CC,0.5756,0.0985,53.82,12.53,0.84,1.0076,0.1963,1.9929,0.4109,100.0,1.0763,Healthy
External,NASA_B0053,B0053,24,LiCoO2,CC,0.5711,0.1004,51.76,12.16,0.84,1.0081,0.2,1.9924,0.4379,96.83,1.0352,Healthy
External,NASA_B0053,B0053,25,LiCoO2,CC,0.5731,0.0997,52.57,12.5,0.84,1.0087,0.1987,1.9926,0.4206,98.34,1.0514,Healthy
External,NASA_B0053,B0053,26,LiCoO2,CC,0.5742,0.1007,53.02,12.13,0.84,1.0075,0.2006,1.9922,0.4331,99.18,1.0603,Healthy
External,NASA_B0053,B0053,27,LiCoO2,CC,0.5696,0.1002,51.18,12.44,0.84,1.0078,0.1997,1.9926,0.4299,95.75,1.0237,Healthy
External,NASA_B0053,B0053,28,LiCoO2,CC,0.5725,0.1007,52.33,12.5,0.84,1.0076,0.2005,1.9923,0.41,97.89,1.0466,Healthy
External,NASA_B0053,B0053,29,LiCoO2,CC,0.5673,0.1007,50.16,12.41,0.84,1.0086,0.2008,1.9925,0.4321,93.82,1.0031,Healthy
External,NASA_B0053,B0053,30,LiCoO2,CC,0.5729,0.1017,52.31,12.13,0.84,1.0081,0.2025,1.9919,0.444,97.85,1.0462,Healthy
External,NASA_B0053,B0053,31,LiCoO2,CC,0.5689,0.1015,50.78,12.49,0.84,1.0076,0.2023,1.9921,0.4242,94.99,1.0156,Healthy
External,NASA_B0053,B0053,32,LiCoO2,CC,0.5704,0.102,51.25,12.14,0.84,1.0082,0.2032,1.9916,0.4511,95.87,1.025,Healthy
External,NASA_B0053,B0053,33,LiCoO2,CC,0.5646,0.1017,49.01,12.4,0.84,1.0077,0.2028,1.9919,0.4323,91.67,0.9801,Healthy
External,NASA_B0053,B0053,34,LiCoO2,CC,0.572,0.1028,51.84,12.19,0.84,1.0078,0.2048,1.9916,0.4307,96.97,1.0368,Healthy
External,NASA_B0053,B0053,35,LiCoO2,CC,0.5708,0.1028,51.34,12.32,0.84,1.0079,0.2047,1.9917,0.4206,96.04,1.0268,Healthy
External,NASA_B0053,B0053,36,LiCoO2,CC,0.5693,0.1028,50.75,12.46,0.84,1.0081,0.2048,1.9916,0.4166,94.94,1.015,Healthy
External,NASA_B0053,B0053,37,LiCoO2,CC,0.5663,0.1028,49.52,12.49,0.84,1.0081,0.2048,1.9916,0.4293,92.64,0.9905,Healthy
External,NASA_B0053,B0053,38,LiCoO2,CC,0.5693,0.1031,50.73,12.5,0.84,1.0079,0.2054,1.9913,0.4178,94.9,1.0146,Healthy
External,NASA_B0053,B0053,39,LiCoO2,CC,0.5655,0.103,49.06,12.5,0.84,1.0098,0.2052,1.9915,0.433,91.77,0.9811,Healthy
External,NASA_B0053,B0053,40,LiCoO2,CC,0.5682,0.1036,50.21,12.23,0.84,1.0081,0.2064,1.9913,0.4556,93.92,1.0042,Healthy
External,NASA_B0053,B0053,41,LiCoO2,CC,0.5689,0.1041,50.39,12.38,0.84,1.0086,0.2076,1.991,0.4197,94.26,1.0078,Healthy
External,NASA_B0053,B0053,42,LiCoO2,CC,0.5659,0.1048,49.12,12.62,0.84,1.0081,0.2086,1.9909,0.4331,91.89,0.9825,Healthy
External,NASA_B0053,B0053,43,LiCoO2,CC,0.5804,0.1005,55.48,12.83,0.84,1.0078,0.2002,1.9919,0.3797,100.0,1.1097,Healthy
External,NASA_B0053,B0053,44,LiCoO2,CC,0.581,0.101,55.68,12.59,0.84,1.0077,0.2012,1.992,0.3937,100.0,1.1137,Healthy
External,NASA_B0053,B0053,45,LiCoO2,CC,0.5718,0.1012,51.93,12.5,0.84,1.0081,0.2018,1.9922,0.4266,97.13,1.0385,Healthy
External,NASA_B0053,B0053,46,LiCoO2,CC,0.577,0.1025,53.84,12.55,0.84,1.008,0.2042,1.9916,0.404,100.0,1.0769,Healthy
External,NASA_B0053,B0053,47,LiCoO2,CC,0.5765,0.1028,53.61,12.43,0.84,1.008,0.2047,1.9914,0.4292,100.0,1.0722,Healthy
External,NASA_B0053,B0053,48,LiCoO2,CC,0.5691,0.1031,50.62,12.52,0.84,1.0083,0.2052,1.9913,0.4283,94.7,1.0125,Healthy
External,NASA_B0053,B0053,49,LiCoO2,CC,0.5711,0.1037,51.4,12.39,0.84,1.0076,0.2064,1.9909,0.4287,96.15,1.028,Healthy
External,NASA_B0053,B0053,50,LiCoO2,CC,0.5714,0.1034,51.52,12.86,0.84,1.0079,0.2059,1.9913,0.4199,96.38,1.0304,Healthy
External,NASA_B0053,B0053,51,LiCoO2,CC,0.5748,0.1044,52.78,12.45,0.84,1.0076,0.2079,1.9909,0.4269,98.73,1.0556,Healthy
External,NASA_B0053,B0053,52,LiCoO2,CC,0.5679,0.1042,50.06,12.72,0.84,1.0076,0.2075,1.991,0.4228,93.64,1.0011,Healthy
External,NASA_B0053,B0053,53,LiCoO2,CC,0.5741,0.1053,52.33,12.48,0.84,1.0084,0.2097,1.9905,0.4082,97.9,1.0467,Healthy
External,NASA_B0053,B0053,54,LiCoO2,CC,0.5741,0.1057,52.36,12.53,0.84,1.0076,0.2103,1.9902,0.4104,97.95,1.0472,Healthy
External,NASA_B0053,B0053,55,LiCoO2,CC,0.5695,0.1048,50.51,12.9,0.84,1.0088,0.2086,1.9906,0.4228,94.49,1.0103,Healthy
External,NASA_B0053,B0053,56,LiCoO2,CC,0.8343,1.4104,0.0,6.16,0.84,1.0059,0.9476,0.6718,0.1835,0.0,0.0,End_of_Life
External,NASA_B0054,B0054,1,LiCoO2,CC,0.7577,0.8459,37.0,12.46,0.84,1.0071,0.9907,1.1711,0.3815,100.0,0.7399,Healthy
External,NASA_B0054,B0054,2,LiCoO2,CC,0.6979,0.4687,58.33,13.23,0.84,1.0073,0.7729,1.649,0.3387,100.0,1.1665,Healthy
External,NASA_B0054,B0054,3,LiCoO2,CC,0.7116,0.5399,55.26,12.77,0.84,1.0072,0.8407,1.5572,0.3486,100.0,1.1053,Healthy
External,NASA_B0054,B0054,4,LiCoO2,CC,0.5737,0.0842,54.8,14.49,0.84,1.0074,0.1681,1.9975,0.4695,100.0,1.096,Healthy
External,NASA_B0054,B0054,5,LiCoO2,CC,0.7216,0.5855,53.77,12.21,0.84,1.0076,0.8769,1.4976,0.3306,100.0,1.0754,Healthy
External,NASA_B0054,B0054,6,LiCoO2,CC,0.5703,0.0854,53.28,14.38,0.84,1.0077,0.1705,1.997,0.4847,100.0,1.0655,Healthy
External,NASA_B0054,B0054,7,LiCoO2,CC,0.6806,0.4566,52.84,12.65,0.84,1.0073,0.7599,1.6641,0.351,100.0,1.0568,Healthy
External,NASA_B0054,B0054,8,LiCoO2,CC,0.5848,0.1424,52.25,13.5,0.84,1.0072,0.2807,1.9716,0.4441,100.0,1.0449,Healthy
External,NASA_B0054,B0054,9,LiCoO2,CC,0.7105,0.561,52.29,12.31,0.84,1.0073,0.8582,1.5296,0.356,100.0,1.0458,Healthy
External,NASA_B0054,B0054,10,LiCoO2,CC,0.7074,0.5621,50.91,12.45,0.84,1.0075,0.859,1.5282,0.3724,100.0,1.0182,Healthy
External,NASA_B0054,B0054,11,LiCoO2,CC,0.5829,0.1451,51.13,13.39,0.84,1.0075,0.2858,1.9701,0.4487,100.0,1.0226,Healthy
External,NASA_B0054,B0054,12,LiCoO2,CC,0.7164,0.5835,51.95,12.05,0.84,1.0074,0.8753,1.5,0.3339,100.0,1.0389,Healthy
External,NASA_B0054,B0054,13,LiCoO2,CC,0.6226,0.2798,50.87,14.03,0.84,1.0072,0.522,1.8654,0.46,100.0,1.0173,Healthy
External,NASA_B0054,B0054,14,LiCoO2,CC,0.7131,0.5749,51.66,11.99,0.84,1.0072,0.8691,1.5115,0.3355,100.0,1.0332,Healthy
External,NASA_B0054,B0054,15,LiCoO2,CC,0.7133,0.5853,50.48,11.96,0.84,1.0073,0.8768,1.4979,0.3452,100.0,1.0095,Healthy
External,NASA_B0054,B0054,16,LiCoO2,CC,0.6011,0.2211,49.31,14.3,0.84,1.0075,0.424,1.9179,0.4831,100.0,0.9862,Healthy
External,NASA_B0054,B0054,17,LiCoO2,CC,0.5985,0.2035,50.4,14.01,0.84,1.0073,0.3931,1.9315,0.4642,100.0,1.008,Healthy
External,NASA_B0054,B0054,18,LiCoO2,CC,0.6038,0.2179,50.77,13.83,0.84,1.0073,0.4185,1.9205,0.4658,100.0,1.0153,Healthy
External,NASA_B0054,B0054,19,LiCoO2,CC,0.6265,0.2958,50.53,13.79,0.84,1.0073,0.5473,1.8496,0.4662,100.0,1.0107,Healthy
External,NASA_B0054,B0054,20,LiCoO2,CC,0.707,0.5639,50.52,12.01,0.84,1.0075,0.8605,1.5258,0.3436,100.0,1.0104,Healthy
External,NASA_B0054,B0054,21,LiCoO2,CC,0.5987,0.2156,49.01,14.22,0.84,1.0076,0.4145,1.9224,0.48,100.0,0.9801,Healthy
External,NASA_B0054,B0054,22,LiCoO2,CC,0.6182,0.2302,55.08,13.82,0.84,1.007,0.4397,1.9101,0.4522,100.0,1.1017,Healthy
External,NASA_B0054,B0054,23,LiCoO2,CC,0.6985,0.5053,54.13,12.3,0.84,1.008,0.8096,1.602,0.3595,100.0,1.0827,Healthy
External,NASA_B0054,B0054,24,LiCoO2,CC,0.6081,0.2139,52.88,13.92,0.84,1.0085,0.4115,1.9237,0.4816,100.0,1.0575,Healthy
External,NASA_B0054,B0054,25,LiCoO2,CC,0.6205,0.2641,51.93,13.74,0.84,1.0072,0.4966,1.8804,0.4657,100.0,1.0386,Healthy
External,NASA_B0054,B0054,26,LiCoO2,CC,0.6083,0.2365,50.37,14.02,0.84,1.0072,0.4505,1.9051,0.4727,100.0,1.0073,Healthy
External,NASA_B0054,B0054,27,LiCoO2,CC,0.7085,0.567,50.8,11.91,0.84,1.0072,0.8629,1.5219,0.3419,100.0,1.016,Healthy
External,NASA_B0054,B0054,28,LiCoO2,CC,0.6998,0.538,50.79,12.31,0.84,1.007,0.8391,1.5596,0.3654,100.0,1.0158,Healthy
External,NASA_B0054,B0054,29,LiCoO2,CC,0.6777,0.4702,50.08,12.84,0.84,1.0073,0.7745,1.6471,0.4125,100.0,1.0015,Healthy
External,NASA_B0054,B0054,30,LiCoO2,CC,0.5975,0.2111,49.06,14.03,0.84,1.0074,0.4065,1.9257,0.4659,100.0,0.9812,Healthy
External,NASA_B0054,B0054,31,LiCoO2,CC,0.6969,0.5352,49.94,12.21,0.84,1.0074,0.8367,1.5633,0.3686,100.0,0.9987,Healthy
External,NASA_B0054,B0054,32,LiCoO2,CC,0.598,0.2224,47.92,14.16,0.84,1.0075,0.4264,1.9167,0.4819,100.0,0.9584,Healthy
External,NASA_B0054,B0054,33,LiCoO2,CC,0.6135,0.2651,49.0,13.88,0.84,1.0072,0.4982,1.8792,0.463,100.0,0.9801,Healthy
External,NASA_B0054,B0054,34,LiCoO2,CC,0.7033,0.568,48.6,12.0,0.84,1.0072,0.8636,1.5205,0.3625,100.0,0.972,Healthy
External,NASA_B0054,B0054,35,LiCoO2,CC,0.6125,0.2663,48.47,13.96,0.84,1.0074,0.5001,1.8783,0.473,100.0,0.9693,Healthy
External,NASA_B0054,B0054,36,LiCoO2,CC,0.6038,0.2463,47.4,14.14,0.84,1.007,0.4671,1.8964,0.4871,100.0,0.948,Healthy
External,NASA_B0054,B0054,37,LiCoO2,CC,0.6182,0.2877,48.19,13.86,0.84,1.0072,0.5344,1.8577,0.4725,100.0,0.9639,Healthy
External,NASA_B0054,B0054,38,LiCoO2,CC,0.6956,0.5438,48.41,12.3,0.84,1.007,0.8439,1.5519,0.3741,100.0,0.9682,Healthy
External,NASA_B0054,B0054,39,LiCoO2,CC,0.5973,0.2276,47.04,14.21,0.84,1.0072,0.4353,1.9125,0.4799,100.0,0.9407,Healthy
External,NASA_B0054,B0054,40,LiCoO2,CC,0.6602,0.427,48.09,13.23,0.84,1.0092,0.7264,1.7011,0.4427,100.0,0.9618,Healthy
External,NASA_B0054,B0054,41,LiCoO2,CC,0.6994,0.5712,46.66,12.1,0.84,1.007,0.8661,1.5163,0.3776,100.0,0.9332,Healthy
External,NASA_B0054,B0054,42,LiCoO2,CC,0.5901,0.2074,46.57,14.32,0.84,1.0071,0.3999,1.9284,0.4756,100.0,0.9313,Healthy
External,NASA_B0054,B0054,43,LiCoO2,CC,0.6102,0.247,49.88,14.08,0.84,1.0072,0.4682,1.8955,0.4596,100.0,0.9976,Healthy
External,NASA_B0054,B0054,44,LiCoO2,CC,0.6026,0.2276,49.17,14.07,0.84,1.0069,0.4352,1.9122,0.4559,100.0,0.9833,Healthy
External,NASA_B0054,B0054,45,LiCoO2,CC,0.6951,0.5331,49.52,12.24,0.84,1.007,0.8349,1.5659,0.3742,100.0,0.9904,Healthy
External,NASA_B0054,B0054,46,LiCoO2,CC,0.5958,0.2186,47.5,14.18,0.84,1.0072,0.4197,1.9199,0.4718,100.0,0.95,Healthy
External,NASA_B0054,B0054,47,LiCoO2,CC,0.5999,0.2314,47.63,14.1,0.84,1.007,0.4419,1.9091,0.4704,100.0,0.9526,Healthy
External,NASA_B0054,B0054,48,LiCoO2,CC,0.6098,0.2927,44.25,14.07,0.84,1.007,0.5422,1.8522,0.4248,100.0,0.885,Healthy
External,NASA_B0054,B0054,49,LiCoO2,CC,0.6055,0.2328,49.69,14.08,0.84,1.0073,0.4442,1.9079,0.449,100.0,0.9937,Healthy
External,NASA_B0054,B0054,50,LiCoO2,CC,0.6123,0.2549,49.78,13.88,0.84,1.007,0.4814,1.8886,0.4567,100.0,0.9955,Healthy
External,NASA_B0054,B0054,51,LiCoO2,CC,0.6013,0.2264,48.77,13.98,0.84,1.0071,0.4332,1.9132,0.4627,100.0,0.9754,Healthy
External,NASA_B0054,B0054,52,LiCoO2,CC,0.6036,0.2382,48.3,14.0,0.84,1.0071,0.4535,1.9033,0.4651,100.0,0.966,Healthy
External,NASA_B0054,B0054,53,LiCoO2,CC,0.6028,0.2388,47.87,14.09,0.84,1.0076,0.4543,1.9028,0.4661,100.0,0.9574,Healthy
External,NASA_B0054,B0054,54,LiCoO2,CC,0.6052,0.2585,46.47,14.3,0.84,1.0071,0.4874,1.8852,0.4741,100.0,0.9295,Healthy
External,NASA_B0054,B0054,55,LiCoO2,CC,0.6059,0.2598,46.62,14.12,0.84,1.0072,0.4897,1.8842,0.4861,100.0,0.9324,Healthy
External,NASA_B0054,B0054,56,LiCoO2,CC,0.6814,0.5021,47.73,12.65,0.84,1.0072,0.8066,1.6062,0.4002,100.0,0.9546,Healthy
External,NASA_B0054,B0054,57,LiCoO2,CC,0.5943,0.2201,46.65,14.22,0.84,1.008,0.4223,1.9186,0.4701,100.0,0.933,Healthy
External,NASA_B0054,B0054,58,LiCoO2,CC,0.6027,0.2529,46.16,14.14,0.84,1.0071,0.4782,1.8905,0.4904,100.0,0.9233,Healthy
External,NASA_B0054,B0054,59,LiCoO2,CC,0.6007,0.2447,46.29,14.09,0.84,1.0077,0.4643,1.8976,0.4637,100.0,0.9258,Healthy
External,NASA_B0054,B0054,60,LiCoO2,CC,0.6022,0.2541,45.81,14.2,0.84,1.0072,0.48,1.8894,0.4882,100.0,0.9163,Healthy
External,NASA_B0054,B0054,61,LiCoO2,CC,0.6781,0.4977,46.94,12.67,0.84,1.007,0.8023,1.6117,0.4061,100.0,0.9387,Healthy
External,NASA_B0054,B0054,62,LiCoO2,CC,0.5929,0.2234,45.79,14.27,0.84,1.0072,0.428,1.916,0.4718,100.0,0.9159,Healthy
External,NASA_B0054,B0054,63,LiCoO2,CC,0.6944,0.5598,46.01,12.17,0.84,1.007,0.8571,1.5311,0.3842,100.0,0.9203,Healthy
External,NASA_B0054,B0054,64,LiCoO2,CC,0.5892,0.213,45.56,14.24,0.84,1.0071,0.4098,1.924,0.4629,100.0,0.9111,Healthy
External,NASA_B0054,B0054,65,LiCoO2,CC,0.5979,0.2473,44.9,14.28,0.84,1.0073,0.4689,1.8955,0.4883,100.0,0.8981,Healthy
External,NASA_B0054,B0054,66,LiCoO2,CC,0.6881,0.5355,46.39,12.32,0.84,1.0072,0.8371,1.5629,0.391,100.0,0.9279,Healthy
External,NASA_B0054,B0054,67,LiCoO2,CC,0.5902,0.2157,45.59,14.02,0.84,1.0077,0.4148,1.9221,0.4678,100.0,0.9118,Healthy
External,NASA_B0054,B0054,68,LiCoO2,CC,0.598,0.2491,44.68,14.31,0.84,1.008,0.472,1.8938,0.4784,100.0,0.8936,Healthy
External,NASA_B0054,B0054,69,LiCoO2,CC,0.6057,0.2685,45.5,14.21,0.84,1.0069,0.5038,1.8757,0.4672,100.0,0.9101,Healthy
External,NASA_B0054,B0054,70,LiCoO2,CC,0.6027,0.258,45.57,14.34,0.84,1.007,0.4866,1.8855,0.4625,100.0,0.9115,Healthy
External,NASA_B0054,B0054,71,LiCoO2,CC,0.6826,0.515,46.69,12.52,0.84,1.0068,0.8186,1.5893,0.4028,100.0,0.9337,Healthy
External,NASA_B0054,B0054,72,LiCoO2,CC,0.5919,0.2274,44.91,14.32,0.84,1.0073,0.435,1.9123,0.4702,100.0,0.8982,Healthy
External,NASA_B0054,B0054,73,LiCoO2,CC,0.6112,0.2853,45.7,13.82,0.84,1.0069,0.5308,1.8598,0.4701,100.0,0.9139,Healthy
External,NASA_B0054,B0054,74,LiCoO2,CC,0.5965,0.2519,43.82,14.23,0.84,1.0071,0.4764,1.8914,0.4855,100.0,0.8765,Healthy
External,NASA_B0054,B0054,75,LiCoO2,CC,0.5946,0.2417,44.27,14.34,0.84,1.0073,0.4593,1.9003,0.4696,100.0,0.8855,Healthy
External,NASA_B0054,B0054,76,LiCoO2,CC,0.5977,0.2531,44.1,14.15,0.84,1.0073,0.4785,1.8903,0.4927,100.0,0.8819,Healthy
External,NASA_B0054,B0054,77,LiCoO2,CC,0.6317,0.3563,45.23,13.55,0.84,1.0088,0.6359,1.7846,0.463,100.0,0.9046,Healthy
External,NASA_B0054,B0054,78,LiCoO2,CC,0.5937,0.2437,43.67,14.28,0.84,1.0072,0.4627,1.8986,0.4843,100.0,0.8735,Healthy
External,NASA_B0054,B0054,79,LiCoO2,CC,0.6626,0.4606,45.16,12.93,0.84,1.0078,0.7642,1.6592,0.4317,100.0,0.9031,Healthy
External,NASA_B0054,B0054,80,LiCoO2,CC,0.59,0.2324,43.56,14.23,0.84,1.0069,0.4435,1.9082,0.4894,100.0,0.8712,Healthy
External,NASA_B0054,B0054,81,LiCoO2,CC,0.6075,0.2811,44.68,13.89,0.84,1.0072,0.524,1.8642,0.4704,100.0,0.8936,Healthy
External,NASA_B0054,B0054,82,LiCoO2,CC,0.5923,0.2349,44.18,14.1,0.84,1.0072,0.4479,1.9064,0.4752,100.0,0.8835,Healthy
External,NASA_B0054,B0054,83,LiCoO2,CC,0.5916,0.2349,43.9,14.21,0.84,1.0071,0.4479,1.9063,0.4779,100.0,0.8779,Healthy
External,NASA_B0054,B0054,84,LiCoO2,CC,0.593,0.247,43.0,14.2,0.84,1.0071,0.4682,1.8957,0.4929,100.0,0.8599,Healthy
External,NASA_B0054,B0054,85,LiCoO2,CC,0.5943,0.2477,43.49,14.29,0.84,1.0066,0.4694,1.8948,0.4735,100.0,0.8697,Healthy
External,NASA_B0054,B0054,86,LiCoO2,CC,0.5937,0.2477,43.19,14.21,0.84,1.0071,0.4695,1.8951,0.497,100.0,0.8638,Healthy
External,NASA_B0054,B0054,87,LiCoO2,CC,0.6606,0.461,44.33,12.94,0.84,1.0071,0.7649,1.6588,0.4368,100.0,0.8866,Healthy
External,NASA_B0054,B0054,88,LiCoO2,CC,0.5877,0.2253,43.45,14.08,0.84,1.0076,0.4316,1.9143,0.4714,100.0,0.869,Healthy
External,NASA_B0054,B0054,89,LiCoO2,CC,0.593,0.252,42.37,14.28,0.84,1.0071,0.4768,1.8912,0.4886,100.0,0.8474,Healthy
External,NASA_B0054,B0054,90,LiCoO2,CC,0.6128,0.3046,44.0,14.31,0.84,1.0073,0.5605,1.8399,0.434,100.0,0.88,Healthy
External,NASA_B0054,B0054,91,LiCoO2,CC,0.6047,0.2649,45.55,13.97,0.84,1.0069,0.4978,1.8792,0.4528,100.0,0.911,Healthy
External,NASA_B0054,B0054,92,LiCoO2,CC,0.6115,0.2869,45.61,13.8,0.84,1.0072,0.5332,1.8583,0.4901,100.0,0.9122,Healthy
External,NASA_B0054,B0054,93,LiCoO2,CC,0.6031,0.2693,44.36,13.85,0.84,1.007,0.505,1.8751,0.4709,100.0,0.8872,Healthy
External,NASA_B0054,B0054,94,LiCoO2,CC,0.6259,0.3418,44.81,13.51,0.84,1.007,0.6155,1.8007,0.4724,100.0,0.8961,Healthy
External,NASA_B0054,B0054,95,LiCoO2,CC,0.6065,0.2819,44.26,13.79,0.84,1.0067,0.5253,1.8631,0.5011,100.0,0.8851,Healthy
External,NASA_B0054,B0054,96,LiCoO2,CC,0.6672,0.4863,43.97,12.63,0.84,1.007,0.7909,1.6262,0.4397,100.0,0.8793,Healthy
External,NASA_B0054,B0054,97,LiCoO2,CC,0.5987,0.2716,42.31,14.13,0.84,1.0074,0.5088,1.8733,0.4876,100.0,0.8461,Healthy
External,NASA_B0054,B0054,98,LiCoO2,CC,0.6216,0.338,43.53,13.45,0.84,1.0068,0.6102,1.8049,0.4763,100.0,0.8706,Healthy
External,NASA_B0054,B0054,99,LiCoO2,CC,0.6025,0.2851,42.2,13.91,0.84,1.0071,0.5303,1.8599,0.5031,100.0,0.8441,Healthy
External,NASA_B0054,B0054,100,LiCoO2,CC,0.6047,0.2885,42.68,13.6,0.84,1.0072,0.5357,1.8568,0.4809,100.0,0.8536,Healthy
External,NASA_B0054,B0054,101,LiCoO2,CC,0.6114,0.3112,42.62,13.62,0.84,1.0075,0.5707,1.8333,0.4744,100.0,0.8525,Healthy
External,NASA_B0054,B0054,102,LiCoO2,CC,0.6022,0.2868,41.87,14.07,0.84,1.0074,0.533,1.8582,0.4993,100.0,0.8374,Healthy
External,NASA_B0054,B0054,103,LiCoO2,CC,0.8349,1.412,0.0,6.02,0.84,1.0063,0.9483,0.6716,0.1621,0.0,0.0,End_of_Life
External,NASA_B0055,B0055,1,LiCoO2,CC,0.7592,0.834,39.95,11.88,0.84,0.9954,0.978,1.172,0.3101,100.0,0.799,Healthy
External,NASA_B0055,B0055,2,LiCoO2,CC,0.6849,0.3697,65.99,12.42,0.84,0.9952,0.6471,1.7488,0.2593,100.0,1.3199,Healthy
External,NASA_B0055,B0055,3,LiCoO2,CC,0.6906,0.4063,63.85,12.36,0.84,0.9953,0.6938,1.7062,0.28,100.0,1.277,Healthy
External,NASA_B0055,B0055,4,LiCoO2,CC,0.6822,0.3864,62.86,12.18,0.84,0.9956,0.6685,1.7298,0.2691,100.0,1.2573,Healthy
External,NASA_B0055,B0055,5,LiCoO2,CC,0.7004,0.4682,60.34,12.0,0.84,0.9953,0.7637,1.6306,0.2852,100.0,1.2068,Healthy
External,NASA_B0055,B0055,6,LiCoO2,CC,0.6852,0.417,60.39,12.02,0.84,0.9958,0.7063,1.6935,0.2766,100.0,1.2077,Healthy
External,NASA_B0055,B0055,7,LiCoO2,CC,0.657,0.326,60.05,12.31,0.84,0.9954,0.5862,1.7971,0.279,100.0,1.201,Healthy
External,NASA_B0055,B0055,8,LiCoO2,CC,0.6483,0.3017,59.45,12.2,0.84,0.9957,0.55,1.8222,0.276,100.0,1.1891,Healthy
External,NASA_B0055,B0055,9,LiCoO2,CC,0.7018,0.4882,58.49,11.97,0.84,0.9955,0.7842,1.6054,0.2769,100.0,1.1697,Healthy
External,NASA_B0055,B0055,10,LiCoO2,CC,0.6939,0.4706,57.42,12.15,0.84,0.9957,0.7664,1.6276,0.2952,100.0,1.1484,Healthy
External,NASA_B0055,B0055,11,LiCoO2,CC,0.6479,0.3158,57.64,12.08,0.84,0.9953,0.5709,1.8078,0.2821,100.0,1.1528,Healthy
External,NASA_B0055,B0055,12,LiCoO2,CC,0.6997,0.4973,56.59,11.95,0.84,0.9951,0.793,1.5937,0.2858,100.0,1.1318,Healthy
External,NASA_B0055,B0055,13,LiCoO2,CC,0.6874,0.4559,56.63,12.09,0.84,0.9954,0.7505,1.6459,0.2983,100.0,1.1327,Healthy
External,NASA_B0055,B0055,14,LiCoO2,CC,0.7,0.5044,55.8,11.84,0.84,0.9957,0.7998,1.5847,0.2846,100.0,1.1161,Healthy
External,NASA_B0055,B0055,15,LiCoO2,CC,0.697,0.502,54.92,11.86,0.84,0.9954,0.7975,1.5877,0.2933,100.0,1.0985,Healthy
External,NASA_B0055,B0055,16,LiCoO2,CC,0.6966,0.5029,54.63,11.92,0.84,0.9958,0.798,1.5866,0.3006,100.0,1.0926,Healthy
External,NASA_B0055,B0055,17,LiCoO2,CC,0.682,0.4477,55.46,12.14,0.84,0.9954,0.7414,1.6559,0.3052,100.0,1.1092,Healthy
External,NASA_B0055,B0055,18,LiCoO2,CC,0.6788,0.4377,55.38,12.09,0.84,0.9954,0.7304,1.6683,0.3049,100.0,1.1075,Healthy
External,NASA_B0055,B0055,19,LiCoO2,CC,0.6828,0.451,55.34,12.04,0.84,0.9956,0.7451,1.6519,0.3058,100.0,1.1068,Healthy
External,NASA_B0055,B0055,20,LiCoO2,CC,0.7012,0.521,53.63,11.69,0.84,1.0041,0.815,1.5634,0.2878,100.0,1.0727,Healthy
External,NASA_B0055,B0055,21,LiCoO2,CC,0.689,0.4842,53.88,12.03,0.84,0.9952,0.7798,1.6103,0.314,100.0,1.0777,Healthy
External,NASA_B0055,B0055,22,LiCoO2,CC,0.691,0.4404,59.91,11.85,0.84,0.9954,0.7331,1.6644,0.286,100.0,1.1982,Healthy
External,NASA_B0055,B0055,23,LiCoO2,CC,0.6951,0.4687,58.13,11.64,0.84,0.9958,0.7645,1.6297,0.2855,100.0,1.1625,Healthy
External,NASA_B0055,B0055,24,LiCoO2,CC,0.6898,0.4541,57.78,11.77,0.84,0.9955,0.7484,1.6481,0.2963,100.0,1.1557,Healthy
External,NASA_B0055,B0055,25,LiCoO2,CC,0.6756,0.4146,56.87,11.98,0.84,0.9954,0.7034,1.6964,0.3158,100.0,1.1374,Healthy
External,NASA_B0055,B0055,26,LiCoO2,CC,0.6845,0.4543,55.63,11.91,0.84,0.9954,0.7487,1.6478,0.3158,100.0,1.1126,Healthy
External,NASA_B0055,B0055,27,LiCoO2,CC,0.6936,0.4906,54.93,11.59,0.84,0.9955,0.7866,1.6022,0.2964,100.0,1.0987,Healthy
External,NASA_B0055,B0055,28,LiCoO2,CC,0.6923,0.4866,54.93,11.63,0.84,0.9952,0.7826,1.6072,0.2926,100.0,1.0985,Healthy
External,NASA_B0055,B0055,29,LiCoO2,CC,0.6881,0.4705,55.15,11.65,0.84,0.9956,0.7662,1.6278,0.2973,100.0,1.1029,Healthy
External,NASA_B0055,B0055,30,LiCoO2,CC,0.6738,0.4259,54.75,12.02,0.84,0.9958,0.7168,1.6826,0.3239,100.0,1.095,Healthy
External,NASA_B0055,B0055,31,LiCoO2,CC,0.6898,0.4822,54.45,11.54,0.84,0.9953,0.7782,1.613,0.2964,100.0,1.0891,Healthy
External,NASA_B0055,B0055,32,LiCoO2,CC,0.6837,0.4683,53.67,11.83,0.84,0.9954,0.7636,1.6304,0.319,100.0,1.0733,Healthy
External,NASA_B0055,B0055,33,LiCoO2,CC,0.6649,0.3963,54.77,12.04,0.84,0.9954,0.681,1.7181,0.3277,100.0,1.0954,Healthy
External,NASA_B0055,B0055,34,LiCoO2,CC,0.6862,0.4805,53.2,11.59,0.84,0.9953,0.7765,1.6151,0.3093,100.0,1.064,Healthy
External,NASA_B0055,B0055,35,LiCoO2,CC,0.6731,0.4277,54.29,11.87,0.84,0.9954,0.719,1.6808,0.3202,100.0,1.0858,Healthy
External,NASA_B0055,B0055,36,LiCoO2,CC,0.68,0.462,52.94,11.81,0.84,0.9955,0.7571,1.6384,0.3246,100.0,1.0589,Healthy
External,NASA_B0055,B0055,37,LiCoO2,CC,0.6672,0.41,54.07,11.93,0.84,0.9951,0.698,1.702,0.3262,100.0,1.0813,Healthy
External,NASA_B0055,B0055,38,LiCoO2,CC,0.6863,0.4814,53.08,11.54,0.84,0.9957,0.7774,1.6139,0.3014,100.0,1.0616,Healthy
External,NASA_B0055,B0055,39,LiCoO2,CC,0.6752,0.4456,52.97,11.94,0.84,0.9957,0.7392,1.6588,0.3305,100.0,1.0594,Healthy
External,NASA_B0055,B0055,40,LiCoO2,CC,0.6804,0.4566,53.71,11.65,0.84,0.9957,0.7514,1.6451,0.3072,100.0,1.0743,Healthy
External,NASA_B0055,B0055,41,LiCoO2,CC,0.6788,0.4651,52.03,11.72,0.84,0.9959,0.7606,1.6344,0.3232,100.0,1.0406,Healthy
External,NASA_B0055,B0055,42,LiCoO2,CC,0.6679,0.422,52.88,12.14,0.84,0.9955,0.712,1.6871,0.3379,100.0,1.0576,Healthy
External,NASA_B0055,B0055,43,LiCoO2,CC,0.681,0.4491,54.92,11.73,0.84,0.9951,0.7429,1.6536,0.3129,100.0,1.0984,Healthy
External,NASA_B0055,B0055,44,LiCoO2,CC,0.659,0.3709,55.49,12.14,0.84,0.9948,0.6481,1.747,0.3449,100.0,1.1098,Healthy
External,NASA_B0055,B0055,45,LiCoO2,CC,0.6891,0.484,53.97,11.32,0.84,0.9951,0.7799,1.6103,0.2984,100.0,1.0793,Healthy
External,NASA_B0055,B0055,46,LiCoO2,CC,0.6715,0.4282,53.58,11.9,0.84,0.9954,0.7194,1.6798,0.3356,100.0,1.0716,Healthy
External,NASA_B0055,B0055,47,LiCoO2,CC,0.666,0.4088,53.73,11.97,0.84,0.9952,0.6964,1.7033,0.3387,100.0,1.0746,Healthy
External,NASA_B0055,B0055,48,LiCoO2,CC,0.624,0.2638,54.32,11.94,0.84,0.9953,0.4905,1.8584,0.3306,100.0,1.0864,Healthy
External,NASA_B0055,B0055,49,LiCoO2,CC,0.6593,0.3617,56.7,12.03,0.84,0.9954,0.6359,1.7578,0.3411,100.0,1.134,Healthy
External,NASA_B0055,B0055,50,LiCoO2,CC,0.6651,0.3877,55.88,11.72,0.84,0.9954,0.6702,1.7279,0.3321,100.0,1.1177,Healthy
External,NASA_B0055,B0055,51,LiCoO2,CC,0.6625,0.3842,55.23,11.81,0.84,0.9957,0.6655,1.7321,0.3344,100.0,1.1046,Healthy
External,NASA_B0055,B0055,52,LiCoO2,CC,0.6634,0.3938,54.49,11.77,0.84,0.9954,0.6779,1.7209,0.3342,100.0,1.0897,Healthy
External,NASA_B0055,B0055,53,LiCoO2,CC,0.6687,0.4173,53.78,11.67,0.84,0.9951,0.7066,1.6929,0.3315,100.0,1.0755,Healthy
External,NASA_B0055,B0055,54,LiCoO2,CC,0.6732,0.4383,53.05,11.71,0.84,0.9955,0.7309,1.6675,0.335,100.0,1.061,Healthy
External,NASA_B0055,B0055,55,LiCoO2,CC,0.6792,0.4622,52.59,11.45,0.84,0.9953,0.7572,1.6378,0.3274,100.0,1.0518,Healthy
External,NASA_B0055,B0055,56,LiCoO2,CC,0.6853,0.4809,52.77,11.13,0.84,0.9953,0.7769,1.6146,0.3039,100.0,1.0554,Healthy
External,NASA_B0055,B0055,57,LiCoO2,CC,0.668,0.4242,52.67,11.74,0.84,0.9953,0.7146,1.6848,0.3381,100.0,1.0533,Healthy
External,NASA_B0055,B0055,58,LiCoO2,CC,0.6808,0.4761,51.58,11.33,0.84,0.9951,0.7717,1.6205,0.3226,100.0,1.0315,Healthy
External,NASA_B0055,B0055,59,LiCoO2,CC,0.6552,0.3816,52.67,11.72,0.84,0.9953,0.6623,1.7351,0.3461,100.0,1.0533,Healthy
External,NASA_B0055,B0055,60,LiCoO2,CC,0.6774,0.4641,51.59,11.45,0.84,0.9961,0.7592,1.6356,0.3289,100.0,1.0318,Healthy
External,NASA_B0055,B0055,61,LiCoO2,CC,0.6813,0.4759,51.77,11.11,0.84,0.9954,0.7719,1.621,0.3097,100.0,1.0354,Healthy
External,NASA_B0055,B0055,62,LiCoO2,CC,0.6628,0.4156,51.61,11.76,0.84,0.9953,0.7046,1.6951,0.3479,100.0,1.0322,Healthy
External,NASA_B0055,B0055,63,LiCoO2,CC,0.6815,0.4862,50.58,11.1,0.84,0.9961,0.7819,1.6079,0.3186,100.0,1.0115,Healthy
External,NASA_B0055,B0055,64,LiCoO2,CC,0.6552,0.3868,52.07,11.86,0.84,0.9949,0.669,1.729,0.3511,100.0,1.0414,Healthy
External,NASA_B0055,B0055,65,LiCoO2,CC,0.6739,0.4572,51.09,11.5,0.84,0.9951,0.7517,1.6439,0.332,100.0,1.0217,Healthy
External,NASA_B0055,B0055,66,LiCoO2,CC,0.6852,0.4981,50.67,10.92,0.84,0.9954,0.7938,1.5923,0.3053,100.0,1.0133,Healthy
External,NASA_B0055,B0055,67,LiCoO2,CC,0.6529,0.3839,51.5,11.68,0.84,0.9947,0.6652,1.732,0.3484,100.0,1.03,Healthy
External,NASA_B0055,B0055,68,LiCoO2,CC,0.6653,0.4297,50.95,11.72,0.84,0.9952,0.7211,1.6778,0.3483,100.0,1.0189,Healthy
External,NASA_B0055,B0055,69,LiCoO2,CC,0.6724,0.4493,51.45,11.33,0.84,0.9949,0.743,1.6532,0.3319,100.0,1.0291,Healthy
External,NASA_B0055,B0055,70,LiCoO2,CC,0.6519,0.3694,52.84,11.97,0.84,0.9951,0.6462,1.7488,0.3609,100.0,1.0568,Healthy
External,NASA_B0055,B0055,71,LiCoO2,CC,0.6804,0.4761,51.46,11.02,0.84,0.9947,0.7717,1.6202,0.3119,100.0,1.0292,Healthy
External,NASA_B0055,B0055,72,LiCoO2,CC,0.6604,0.4078,51.61,11.82,0.84,0.9951,0.6953,1.7041,0.3517,100.0,1.0321,Healthy
External,NASA_B0055,B0055,73,LiCoO2,CC,0.6657,0.4209,52.05,11.3,0.84,0.9963,0.711,1.6884,0.3244,100.0,1.0409,Healthy
External,NASA_B0055,B0055,74,LiCoO2,CC,0.6658,0.4347,50.56,11.59,0.84,0.9951,0.7268,1.6715,0.3503,100.0,1.0112,Healthy
External,NASA_B0055,B0055,75,LiCoO2,CC,0.6518,0.3788,51.69,11.86,0.84,0.9949,0.6585,1.7382,0.3547,100.0,1.0338,Healthy
External,NASA_B0055,B0055,76,LiCoO2,CC,0.673,0.4615,50.2,11.28,0.84,0.995,0.7563,1.6384,0.334,100.0,1.004,Healthy
External,NASA_B0055,B0055,77,LiCoO2,CC,0.6685,0.4344,51.67,11.22,0.84,0.9952,0.7266,1.6721,0.3204,100.0,1.0334,Healthy
External,NASA_B0055,B0055,78,LiCoO2,CC,0.6577,0.4079,50.49,11.76,0.84,0.9955,0.6952,1.7041,0.354,100.0,1.0099,Healthy
External,NASA_B0055,B0055,79,LiCoO2,CC,0.6763,0.4689,50.63,10.99,0.84,0.9953,0.7643,1.6296,0.3102,100.0,1.0126,Healthy
External,NASA_B0055,B0055,80,LiCoO2,CC,0.6686,0.4509,49.74,11.36,0.84,0.9948,0.7449,1.6516,0.3423,100.0,0.9949,Healthy
External,NASA_B0055,B0055,81,LiCoO2,CC,0.6561,0.3966,51.2,11.44,0.84,0.9957,0.6814,1.7175,0.336,100.0,1.0241,Healthy
External,NASA_B0055,B0055,82,LiCoO2,CC,0.642,0.3512,51.04,11.79,0.84,0.9952,0.6215,1.7694,0.3621,100.0,1.0209,Healthy
External,NASA_B0055,B0055,83,LiCoO2,CC,0.6497,0.3788,50.81,11.73,0.84,0.9953,0.6587,1.7383,0.355,100.0,1.0161,Healthy
External,NASA_B0055,B0055,84,LiCoO2,CC,0.6633,0.4313,49.94,11.47,0.84,0.9954,0.723,1.676,0.3433,100.0,0.9988,Healthy
External,NASA_B0055,B0055,85,LiCoO2,CC,0.6445,0.3615,50.79,11.8,0.84,0.9954,0.6356,1.758,0.3599,100.0,1.0159,Healthy
External,NASA_B0055,B0055,86,LiCoO2,CC,0.666,0.4411,49.82,11.36,0.84,0.9956,0.7343,1.6639,0.3416,100.0,0.9963,Healthy
External,NASA_B0055,B0055,87,LiCoO2,CC,0.673,0.4611,50.27,10.95,0.84,0.9951,0.7561,1.6391,0.3158,100.0,1.0054,Healthy
External,NASA_B0055,B0055,88,LiCoO2,CC,0.6393,0.3469,50.46,11.71,0.84,0.9953,0.6154,1.7742,0.3625,100.0,1.0091,Healthy
External,NASA_B0055,B0055,89,LiCoO2,CC,0.6582,0.4144,49.92,11.58,0.84,0.9955,0.7033,1.6963,0.3534,100.0,0.9985,Healthy
External,NASA_B0055,B0055,90,LiCoO2,CC,0.6209,0.2525,54.46,11.96,0.84,0.9949,0.4719,1.868,0.3749,100.0,1.0892,Healthy
External,NASA_B0055,B0055,91,LiCoO2,CC,0.6444,0.335,53.97,11.52,0.84,0.9949,0.5987,1.7869,0.364,100.0,1.0794,Healthy
External,NASA_B0055,B0055,92,LiCoO2,CC,0.6822,0.4804,51.63,10.72,0.84,0.9952,0.7759,1.6148,0.3261,100.0,1.0326,Healthy
External,NASA_B0055,B0055,93,LiCoO2,CC,0.6481,0.3594,52.49,11.41,0.84,0.9953,0.6327,1.7602,0.3619,100.0,1.0499,Healthy
External,NASA_B0055,B0055,94,LiCoO2,CC,0.6741,0.4482,52.27,10.81,0.84,0.995,0.7421,1.6552,0.3189,100.0,1.0454,Healthy
External,NASA_B0055,B0055,95,LiCoO2,CC,0.6789,0.4829,50.01,10.71,0.84,0.9951,0.7784,1.6116,0.3269,100.0,1.0002,Healthy
External,NASA_B0055,B0055,96,LiCoO2,CC,0.6834,0.4946,50.42,10.48,0.84,0.9949,0.79,1.5966,0.3058,100.0,1.0084,Healthy
External,NASA_B0055,B0055,97,LiCoO2,CC,0.6515,0.3901,50.18,11.58,0.84,0.9949,0.6732,1.7248,0.3726,100.0,1.0037,Healthy
External,NASA_B0055,B0055,98,LiCoO2,CC,0.667,0.4308,51.43,10.89,0.84,0.996,0.7223,1.6762,0.3294,100.0,1.0285,Healthy
External,NASA_B0055,B0055,99,LiCoO2,CC,0.6658,0.4467,49.08,11.13,0.84,0.9956,0.7402,1.6567,0.3545,100.0,0.9817,Healthy
External,NASA_B0055,B0055,100,LiCoO2,CC,0.6496,0.38,50.64,11.18,0.84,0.9951,0.6602,1.7367,0.3545,100.0,1.0127,Healthy
External,NASA_B0055,B0055,101,LiCoO2,CC,0.6566,0.4,51.01,11.1,0.84,0.9955,0.6857,1.7133,0.3433,100.0,1.0201,Healthy
External,NASA_B0055,B0055,102,LiCoO2,CC,0.6598,0.4233,49.54,11.41,0.84,0.995,0.7136,1.6854,0.3621,100.0,0.9908,Healthy
External,NASA_B0056,B0056,1,LiCoO2,CC,0.7828,0.9159,39.26,9.98,0.84,0.9993,0.9923,1.0829,0.3304,100.0,0.7853,Healthy
External,NASA_B0056,B0056,2,LiCoO2,CC,0.6971,0.3983,67.22,11.07,0.84,0.998,0.6854,1.72,0.2407,100.0,1.3444,Healthy
External,NASA_B0056,B0056,3,LiCoO2,CC,0.7012,0.423,65.88,10.89,0.84,0.9981,0.7153,1.6906,0.258,100.0,1.3175,Healthy
External,NASA_B0056,B0056,4,LiCoO2,CC,0.6896,0.3926,64.87,10.76,0.84,0.9982,0.6788,1.727,0.246,100.0,1.2974,Healthy
External,NASA_B0056,B0056,5,LiCoO2,CC,0.7064,0.4625,63.2,10.66,0.84,0.9985,0.7595,1.6421,0.2623,100.0,1.264,Healthy
External,NASA_B0056,B0056,6,LiCoO2,CC,0.6905,0.4114,62.95,10.6,0.84,0.9986,0.7018,1.7048,0.2491,100.0,1.2589,Healthy
External,NASA_B0056,B0056,7,LiCoO2,CC,0.6609,0.3037,64.03,10.75,0.84,0.9987,0.5544,1.8248,0.2424,100.0,1.2806,Healthy
External,NASA_B0056,B0056,8,LiCoO2,CC,0.6502,0.2777,62.86,10.64,0.84,0.9987,0.5144,1.8508,0.2393,100.0,1.2573,Healthy
External,NASA_B0056,B0056,9,LiCoO2,CC,0.7038,0.4708,61.13,10.45,0.84,0.9988,0.7682,1.6314,0.2556,100.0,1.2226,Healthy
External,NASA_B0056,B0056,10,LiCoO2,CC,0.6975,0.4467,61.46,10.54,0.84,0.9989,0.7424,1.6617,0.2636,100.0,1.2293,Healthy
External,NASA_B0056,B0056,11,LiCoO2,CC,0.6484,0.2832,61.38,10.6,0.84,0.9997,0.523,1.8456,0.2404,100.0,1.2276,Healthy
External,NASA_B0056,B0056,12,LiCoO2,CC,0.6999,0.4618,60.67,10.52,0.84,0.9983,0.7588,1.6427,0.2622,100.0,1.2134,Healthy
External,NASA_B0056,B0056,13,LiCoO2,CC,0.6893,0.4188,61.51,10.55,0.84,0.9994,0.7106,1.6958,0.262,100.0,1.2302,Healthy
External,NASA_B0056,B0056,14,LiCoO2,CC,0.6992,0.4683,59.64,10.41,0.84,0.9983,0.7656,1.6348,0.2622,100.0,1.1928,Healthy
External,NASA_B0056,B0056,15,LiCoO2,CC,0.6977,0.4654,59.34,10.39,0.84,0.9989,0.7627,1.6382,0.266,100.0,1.1867,Healthy
External,NASA_B0056,B0056,16,LiCoO2,CC,0.6967,0.4604,59.57,10.44,0.84,0.9983,0.7576,1.6447,0.2706,100.0,1.1915,Healthy
External,NASA_B0056,B0056,17,LiCoO2,CC,0.6842,0.4088,60.71,10.56,0.84,0.9989,0.6988,1.7076,0.2624,100.0,1.2142,Healthy
External,NASA_B0056,B0056,18,LiCoO2,CC,0.6801,0.3971,60.47,10.54,0.84,0.9988,0.6841,1.7219,0.2628,100.0,1.2094,Healthy
External,NASA_B0056,B0056,19,LiCoO2,CC,0.6841,0.4116,60.35,10.5,0.84,0.9985,0.7021,1.7044,0.2645,100.0,1.2071,Healthy
External,NASA_B0056,B0056,20,LiCoO2,CC,0.6962,0.4703,58.15,10.3,0.84,0.9989,0.7676,1.6318,0.2627,100.0,1.163,Healthy
External,NASA_B0056,B0056,21,LiCoO2,CC,0.6928,0.4523,58.94,10.45,0.84,0.9989,0.749,1.655,0.2711,100.0,1.1789,Healthy
External,NASA_B0056,B0056,22,LiCoO2,CC,0.6884,0.3893,64.73,10.39,0.84,0.999,0.6742,1.7306,0.2522,100.0,1.2945,Healthy
External,NASA_B0056,B0056,23,LiCoO2,CC,0.6927,0.4181,63.01,10.29,0.84,0.9986,0.7096,1.6965,0.2571,100.0,1.2603,Healthy
External,NASA_B0056,B0056,24,LiCoO2,CC,0.6915,0.4221,62.04,10.26,0.84,0.999,0.7146,1.692,0.2565,100.0,1.2409,Healthy
External,NASA_B0056,B0056,25,LiCoO2,CC,0.6803,0.3802,62.61,10.4,0.84,0.9986,0.6627,1.7416,0.2634,100.0,1.2522,Healthy
External,NASA_B0056,B0056,26,LiCoO2,CC,0.6877,0.4147,61.4,10.41,0.84,0.9988,0.7059,1.7009,0.2686,100.0,1.2279,Healthy
External,NASA_B0056,B0056,27,LiCoO2,CC,0.692,0.4446,59.59,10.25,0.84,0.9982,0.7401,1.6643,0.2679,100.0,1.1917,Healthy
External,NASA_B0056,B0056,28,LiCoO2,CC,0.6919,0.4469,59.29,10.24,0.84,0.9982,0.7426,1.6613,0.2625,100.0,1.1859,Healthy
External,NASA_B0056,B0056,29,LiCoO2,CC,0.6888,0.4366,59.2,10.2,0.84,0.9989,0.7311,1.6742,0.262,100.0,1.1841,Healthy
External,NASA_B0056,B0056,30,LiCoO2,CC,0.6798,0.3977,60.3,10.43,0.84,0.9989,0.6849,1.7212,0.2695,100.0,1.206,Healthy
External,NASA_B0056,B0056,31,LiCoO2,CC,0.69,0.4479,58.27,10.14,0.84,0.9997,0.7439,1.6603,0.2638,100.0,1.1654,Healthy
External,NASA_B0056,B0056,32,LiCoO2,CC,0.6874,0.4342,58.95,10.31,0.84,0.9986,0.7287,1.6773,0.2739,100.0,1.179,Healthy
External,NASA_B0056,B0056,33,LiCoO2,CC,0.6744,0.3815,60.07,10.37,0.84,0.9988,0.6641,1.7401,0.2673,100.0,1.2013,Healthy
External,NASA_B0056,B0056,34,LiCoO2,CC,0.687,0.4386,58.28,10.2,0.84,0.9986,0.7334,1.6717,0.2739,100.0,1.1656,Healthy
External,NASA_B0056,B0056,35,LiCoO2,CC,0.6791,0.4059,59.02,10.32,0.84,0.9992,0.695,1.7117,0.2681,100.0,1.1803,Healthy
External,NASA_B0056,B0056,36,LiCoO2,CC,0.6856,0.4338,58.29,10.28,0.84,0.9985,0.7282,1.6777,0.2763,100.0,1.1658,Healthy
External,NASA_B0056,B0056,37,LiCoO2,CC,0.6753,0.395,58.82,10.33,0.84,0.9989,0.6814,1.7245,0.2697,100.0,1.1764,Healthy
External,NASA_B0056,B0056,38,LiCoO2,CC,0.6866,0.4456,57.29,10.17,0.84,0.9985,0.7411,1.663,0.2683,100.0,1.1458,Healthy
External,NASA_B0056,B0056,39,LiCoO2,CC,0.6829,0.4238,58.38,10.36,0.84,0.9992,0.7168,1.69,0.277,100.0,1.1676,Healthy
External,NASA_B0056,B0056,40,LiCoO2,CC,0.6833,0.4346,57.28,10.16,0.84,0.9983,0.7288,1.6767,0.2645,100.0,1.1456,Healthy
External,NASA_B0056,B0056,41,LiCoO2,CC,0.6836,0.4358,57.22,10.19,0.84,0.9989,0.7302,1.6752,0.2786,100.0,1.1444,Healthy
External,NASA_B0056,B0056,42,LiCoO2,CC,0.6792,0.4144,58.03,10.46,0.84,0.9991,0.7054,1.701,0.2766,100.0,1.1605,Healthy
External,NASA_B0056,B0056,43,LiCoO2,CC,0.6804,0.391,61.36,10.31,0.84,0.9987,0.6762,1.7282,0.2693,100.0,1.2272,Healthy
External,NASA_B0056,B0056,44,LiCoO2,CC,0.672,0.3551,62.27,10.45,0.84,0.9991,0.6287,1.7699,0.2709,100.0,1.2455,Healthy
External,NASA_B0056,B0056,45,LiCoO2,CC,0.6863,0.4335,58.61,10.07,0.84,0.9985,0.7276,1.6778,0.267,100.0,1.1722,Healthy
External,NASA_B0056,B0056,46,LiCoO2,CC,0.6786,0.3981,59.77,10.44,0.84,0.9987,0.6853,1.7208,0.2756,100.0,1.1954,Healthy
External,NASA_B0056,B0056,47,LiCoO2,CC,0.6745,0.3857,59.6,10.41,0.84,0.999,0.6694,1.7355,0.275,100.0,1.192,Healthy
External,NASA_B0056,B0056,48,LiCoO2,CC,0.6364,0.243,61.48,10.51,0.84,0.9992,0.4575,1.882,0.2517,100.0,1.2296,Healthy
External,NASA_B0056,B0056,49,LiCoO2,CC,0.6687,0.3307,63.87,10.48,0.84,0.9991,0.5946,1.7968,0.2691,100.0,1.2775,Healthy
External,NASA_B0056,B0056,50,LiCoO2,CC,0.6701,0.3498,62.17,10.32,0.84,0.9987,0.6216,1.7762,0.2682,100.0,1.2434,Healthy
External,NASA_B0056,B0056,51,LiCoO2,CC,0.6672,0.3452,61.54,10.38,0.84,0.999,0.6153,1.7814,0.2715,100.0,1.2308,Healthy
External,NASA_B0056,B0056,52,LiCoO2,CC,0.6683,0.355,60.81,10.36,0.84,0.9986,0.6288,1.7703,0.2726,100.0,1.2162,Healthy
External,NASA_B0056,B0056,53,LiCoO2,CC,0.6701,0.3639,60.44,10.42,0.84,0.9989,0.6408,1.7604,0.2763,100.0,1.2088,Healthy
External,NASA_B0056,B0056,54,LiCoO2,CC,0.6772,0.3939,59.73,10.47,0.84,0.9984,0.6801,1.7255,0.2776,100.0,1.1946,Healthy
External,NASA_B0056,B0056,55,LiCoO2,CC,0.6798,0.4111,58.67,10.25,0.84,0.9987,0.7017,1.7052,0.2788,100.0,1.1734,Healthy
External,NASA_B0056,B0056,56,LiCoO2,CC,0.6834,0.437,57.02,10.06,0.84,0.9985,0.7315,1.6738,0.2662,100.0,1.1405,Healthy
External,NASA_B0056,B0056,57,LiCoO2,CC,0.6708,0.3776,59.11,10.46,0.84,0.9987,0.6591,1.7447,0.2796,100.0,1.1822,Healthy
External,NASA_B0056,B0056,58,LiCoO2,CC,0.6805,0.4243,57.4,10.22,0.84,0.9986,0.7174,1.6893,0.2769,100.0,1.1481,Healthy
External,NASA_B0056,B0056,59,LiCoO2,CC,0.6647,0.357,59.13,10.38,0.84,0.9987,0.6317,1.768,0.2754,100.0,1.1825,Healthy
External,NASA_B0056,B0056,60,LiCoO2,CC,0.6775,0.4113,57.76,10.34,0.84,0.9986,0.7017,1.7051,0.2807,100.0,1.1552,Healthy
External,NASA_B0056,B0056,61,LiCoO2,CC,0.6814,0.4378,56.08,10.03,0.84,0.9993,0.7325,1.6728,0.2678,100.0,1.1217,Healthy
External,NASA_B0056,B0056,62,LiCoO2,CC,0.6703,0.3838,58.13,10.5,0.84,0.9991,0.6673,1.7377,0.2815,100.0,1.1627,Healthy
External,NASA_B0056,B0056,63,LiCoO2,CC,0.6801,0.4326,56.23,10.08,0.84,0.9985,0.7268,1.6792,0.2786,100.0,1.1247,Healthy
External,NASA_B0056,B0056,64,LiCoO2,CC,0.6667,0.3703,58.32,10.44,0.84,0.999,0.6497,1.753,0.2809,100.0,1.1664,Healthy
External,NASA_B0056,B0056,65,LiCoO2,CC,0.6771,0.4183,56.73,10.33,0.84,0.999,0.71,1.6965,0.2805,100.0,1.1347,Healthy
External,NASA_B0056,B0056,66,LiCoO2,CC,0.683,0.4521,55.06,9.93,0.84,0.9985,0.7483,1.6549,0.2699,100.0,1.1012,Healthy
External,NASA_B0056,B0056,67,LiCoO2,CC,0.6617,0.3582,57.8,10.34,0.84,0.9985,0.6329,1.7666,0.2799,100.0,1.1561,Healthy
External,NASA_B0056,B0056,68,LiCoO2,CC,0.6738,0.4056,56.93,10.49,0.84,0.9987,0.6945,1.7115,0.2834,100.0,1.1386,Healthy
External,NASA_B0056,B0056,69,LiCoO2,CC,0.6724,0.3859,58.79,10.21,0.84,0.9983,0.6697,1.7343,0.2796,100.0,1.1757,Healthy
External,NASA_B0056,B0056,70,LiCoO2,CC,0.6677,0.361,59.85,10.59,0.84,0.999,0.637,1.7634,0.2817,100.0,1.1969,Healthy
External,NASA_B0056,B0056,71,LiCoO2,CC,0.6789,0.428,56.34,9.98,0.84,0.9982,0.7212,1.6845,0.2715,100.0,1.1267,Healthy
External,NASA_B0056,B0056,72,LiCoO2,CC,0.6696,0.3829,58.01,10.53,0.84,0.9987,0.6662,1.7384,0.2828,100.0,1.1601,Healthy
External,NASA_B0056,B0056,73,LiCoO2,CC,0.6679,0.3874,56.81,10.14,0.84,0.9982,0.6718,1.7331,0.2696,100.0,1.1361,Healthy
External,NASA_B0056,B0056,74,LiCoO2,CC,0.6729,0.402,56.99,10.42,0.84,0.9992,0.6903,1.7159,0.2869,100.0,1.1397,Healthy
External,NASA_B0056,B0056,75,LiCoO2,CC,0.6653,0.3701,57.8,10.53,0.84,0.9987,0.6491,1.7532,0.2812,100.0,1.156,Healthy
External,NASA_B0056,B0056,76,LiCoO2,CC,0.6745,0.4126,56.34,10.29,0.84,0.9992,0.7032,1.703,0.2839,100.0,1.1268,Healthy
External,NASA_B0056,B0056,77,LiCoO2,CC,0.6694,0.4005,55.83,10.05,0.84,0.9983,0.6884,1.7177,0.2713,100.0,1.1167,Healthy
External,NASA_B0056,B0056,78,LiCoO2,CC,0.6686,0.3908,56.65,10.47,0.84,0.9984,0.6762,1.7293,0.2861,100.0,1.1331,Healthy
External,NASA_B0056,B0056,79,LiCoO2,CC,0.6765,0.4358,54.47,9.91,0.84,0.9981,0.7301,1.675,0.2696,100.0,1.0894,Healthy
External,NASA_B0056,B0056,80,LiCoO2,CC,0.674,0.4177,55.6,10.24,0.84,0.9983,0.7091,1.6969,0.2856,100.0,1.1121,Healthy
External,NASA_B0056,B0056,81,LiCoO2,CC,0.6615,0.3697,56.4,10.22,0.84,0.9981,0.6486,1.7535,0.2762,100.0,1.128,Healthy
External,NASA_B0056,B0056,82,LiCoO2,CC,0.6602,0.3605,56.93,10.36,0.84,0.9984,0.6364,1.7642,0.2847,100.0,1.1387,Healthy
External,NASA_B0056,B0056,83,LiCoO2,CC,0.6642,0.3788,56.36,10.41,0.84,0.9986,0.6609,1.7433,0.2841,100.0,1.1271,Healthy
External,NASA_B0056,B0056,84,LiCoO2,CC,0.67,0.4054,55.51,10.36,0.84,0.9981,0.6946,1.7118,0.2869,100.0,1.1102,Healthy
External,NASA_B0056,B0056,85,LiCoO2,CC,0.6628,0.3709,56.72,10.42,0.84,0.9989,0.6501,1.7524,0.2851,100.0,1.1345,Healthy
External,NASA_B0056,B0056,86,LiCoO2,CC,0.6702,0.4068,55.42,10.3,0.84,0.9981,0.6958,1.7103,0.288,100.0,1.1085,Healthy
External,NASA_B0056,B0056,87,LiCoO2,CC,0.6748,0.4353,53.84,9.91,0.84,0.9981,0.7296,1.6754,0.2725,100.0,1.0768,Healthy
External,NASA_B0056,B0056,88,LiCoO2,CC,0.6577,0.3564,56.42,10.35,0.84,0.9985,0.6308,1.7685,0.2861,100.0,1.1284,Healthy
External,NASA_B0056,B0056,89,LiCoO2,CC,0.6696,0.4054,55.33,10.4,0.84,0.9982,0.6943,1.7118,0.2894,100.0,1.1066,Healthy
External,NASA_B0056,B0056,90,LiCoO2,CC,0.654,0.2845,63.58,10.67,0.84,0.9984,0.5248,1.8438,0.2763,100.0,1.2716,Healthy
External,NASA_B0056,B0056,91,LiCoO2,CC,0.6596,0.316,62.08,10.39,0.84,0.9981,0.5729,1.8121,0.2774,100.0,1.2416,Healthy
External,NASA_B0056,B0056,92,LiCoO2,CC,0.6759,0.3982,58.73,10.08,0.84,0.9982,0.6854,1.7203,0.2811,100.0,1.1747,Healthy
External,NASA_B0056,B0056,93,LiCoO2,CC,0.659,0.3312,59.95,10.37,0.84,0.9989,0.5952,1.7963,0.282,100.0,1.1989,Healthy
External,NASA_B0056,B0056,94,LiCoO2,CC,0.672,0.3967,57.31,10.02,0.84,0.9988,0.6835,1.7223,0.2708,100.0,1.1461,Healthy
External,NASA_B0056,B0056,95,LiCoO2,CC,0.6756,0.4155,56.46,10.06,0.84,0.9988,0.7066,1.6997,0.2817,100.0,1.1292,Healthy
External,NASA_B0056,B0056,96,LiCoO2,CC,0.6765,0.4267,55.52,9.89,0.84,0.9983,0.7196,1.6859,0.2714,100.0,1.1103,Healthy
External,NASA_B0056,B0056,97,LiCoO2,CC,0.6683,0.3811,57.7,10.54,0.84,0.9989,0.6636,1.7404,0.2893,100.0,1.1539,Healthy
External,NASA_B0056,B0056,98,LiCoO2,CC,0.6667,0.3858,56.51,10.12,0.84,0.9983,0.67,1.7349,0.2736,100.0,1.1302,Healthy
External,NASA_B0056,B0056,99,LiCoO2,CC,0.6712,0.4029,56.29,10.33,0.84,0.9982,0.6913,1.7148,0.288,100.0,1.1259,Healthy
External,NASA_B0056,B0056,100,LiCoO2,CC,0.6579,0.3512,57.15,10.28,0.84,0.9983,0.6234,1.7744,0.2807,100.0,1.143,Healthy
External,NASA_B0056,B0056,101,LiCoO2,CC,0.6604,0.362,56.86,10.26,0.84,0.9982,0.6383,1.7621,0.2771,100.0,1.1373,Healthy
External,NASA_B0056,B0056,102,LiCoO2,CC,0.6697,0.3962,56.45,10.45,0.84,0.9985,0.683,1.7228,0.2905,100.0,1.1291,Healthy
